data,distretto,codice_comune,denominazione_comune,lat,long,ricoverati_con_sintomi,terapia_intensiva,totale_ospedalizzati,isolamento_domiciliare,totale_positivi,variazione_totale_positivi,nuovi_positivi,dimessi_guariti,deceduti,totale_casi,tamponi,casi_testati,note,ingressi_terapia_intensiva,note_test,note_casi
2020-11-16,39,82006,Bagheria,38.078918,13.512365,,,,,311,,,220,23,554,874,554,,,,
2020-11-16,39,82067,Santa Flavia,38.08246,13.52758,,,,,68,,,26,0,96,164,94,,,,
2020-11-16,39,82035,Ficarazzi,38.089272,13.46891,,,,,99,,,49,0,148,268,148,,,,
2020-11-16,39,82023,Casteldaccia,38.05373,13.52967,,,,,46,,,18,0,64,89,64,,,,
2020-11-16,39,82004,Altavilla Milicia,38.0421,13.54901,,,,,45,,,19,0,64,103,64,,,,
2020-11-17,39,82006,Bagheria,38.078918,13.512365,,,,,333,22,33,231,23,587,905,587,,,,
2020-11-17,39,82067,Santa Flavia,38.08246,13.52758,,,,,68,0,0,26,0,94,169,94,,,,
2020-11-17,39,82035,Ficarazzi,38.089272,13.46891,,,,,99,0,1,50,0,149,276,149,,,,
2020-11-17,39,82023,Casteldaccia,38.05373,13.52967,,,,,45,-1,0,19,0,64,94,64,,,,
2020-11-17,39,82004,Altavilla Milicia,38.0421,13.54901,,,,,45,0,1,20,0,65,111,65,,,,
2020-11-18,39,82006,Bagheria,38.078918,13.512365,,,,,349,16,23,236,25,610,930,610,,,,
2020-11-18,39,82067,Santa Flavia,38.08246,13.52758,,,,,71,3,5,28,0,99,172,99,,,,
2020-11-18,39,82035,Ficarazzi,38.089272,13.46891,,,,,100,1,3,52,0,152,277,152,,,,
2020-11-18,39,82023,Casteldaccia,38.05373,13.52967,,,,,46,1,1,19,0,65,98,65,,,,
2020-11-18,39,82004,Altavilla Milicia,38.0421,13.54901,,,,,42,-3,2,25,0,67,113,67,,,,
2020-11-19,39,82006,Bagheria,38.078918,13.512365,,,,,381,32,34,237,26,644,956,644,,,,
2020-11-19,39,82067,Santa Flavia,38.08246,13.52758,,,,,84,13,13,28,0,112,183,112,,,,
2020-11-19,39,82035,Ficarazzi,38.089272,13.46891,,,,,109,9,16,58,1,168,283,168,,,,
2020-11-19,39,82023,Casteldaccia,38.05373,13.52967,,,,,47,1,2,20,0,67,107,67,,,,
2020-11-19,39,82004,Altavilla Milicia,38.0421,13.54901,,,,,42,0,0,25,0,67,115,67,,,,
2020-11-20,39,82006,Bagheria,38.078918,13.512365,,,,,402,21,49,265,26,693,1004,693,,,,
2020-11-20,39,82067,Santa Flavia,38.08246,13.52758,,,,,87,3,5,30,0,117,191,117,,,,
2020-11-20,39,82035,Ficarazzi,38.089272,13.46891,,,,,114,5,11,64,1,179,291,179,,,,
2020-11-20,39,82023,Casteldaccia,38.05373,13.52967,,,,,42,-5,3,28,0,70,111,70,,,,
2020-11-20,39,82004,Altavilla Milicia,38.0421,13.54901,,,,,43,1,1,25,0,68,119,68,,,,
2020-11-21,39,82006,Bagheria,38.078918,13.512365,,,,,399,-3,10,278,26,703,1086,703,,,,
2020-11-21,39,82067,Santa Flavia,38.08246,13.52758,,,,,86,-1,1,32,0,118,204,118,,,,
2020-11-21,39,82035,Ficarazzi,38.089272,13.46891,,,,,110,-4,1,68,1,180,302,180,,,,
2020-11-21,39,82023,Casteldaccia,38.05373,13.52967,,,,,43,1,1,28,0,71,117,71,,,,
2020-11-21,39,82004,Altavilla Milicia,38.0421,13.54901,,,,,43,0,0,25,0,68,123,68,,,,
2020-11-23,39,82006,Bagheria,38.078918,13.512365,,,,,411,12,30,296,26,733,1169,733,,,,
2020-11-23,39,82067,Santa Flavia,38.08246,13.52758,,,,,78,-8,3,40,3,121,217,121,,,,
2020-11-23,39,82035,Ficarazzi,38.089272,13.46891,,,,,124,14,14,69,1,194,320,194,,,,
2020-11-23,39,82023,Casteldaccia,38.05373,13.52967,,,,,49,6,7,29,0,78,151,78,,,,
2020-11-23,39,82004,Altavilla Milicia,38.0421,13.54901,,,,,46,3,6,28,0,74,137,74,,,,
2020-11-24,39,82006,Bagheria,38.078918,13.512365,,,,,404,-7,14,317,26,747,1225,747,,,,
2020-11-24,39,82067,Santa Flavia,38.08246,13.52758,,,,,77,-1,0,41,3,121,226,121,,,,
2020-11-24,39,82035,Ficarazzi,38.089272,13.46891,,,,,129,5,6,70,1,200,333,200,,,,
2020-11-24,39,82023,Casteldaccia,38.05373,13.52967,,,,,42,-7,0,36,0,78,152,78,,,,
2020-11-24,39,82004,Altavilla Milicia,38.0421,13.54901,,,,,41,-5,2,34,0,76,141,76,,,,
2020-11-25,39,82006,Bagheria,38.078918,13.512365,,,,,456,52,56,321,26,803,1269,803,,,,
2020-11-25,39,82067,Santa Flavia,38.08246,13.52758,,,,,87,10,12,43,3,133,240,133,,,,
2020-11-25,39,82035,Ficarazzi,38.089272,13.46891,,,,,130,1,7,76,1,207,348,207,,,,
2020-11-25,39,82023,Casteldaccia,38.05373,13.52967,,,,,49,7,8,37,0,86,159,86,,,,
2020-11-25,39,82004,Altavilla Milicia,38.0421,13.54901,,,,,50,9,9,35,0,85,144,85,,,,
2020-11-26,39,82006,Bagheria,38.078918,13.512365,,,,,464,8,27,340,26,830,1307,830,,,,
2020-11-26,39,82067,Santa Flavia,38.08246,13.52758,,,,,89,2,2,43,3,135,254,135,,,,
2020-11-26,39,82035,Ficarazzi,38.089272,13.46891,,,,,129,-1,3,80,1,210,365,210,,,,
2020-11-26,39,82023,Casteldaccia,38.05373,13.52967,,,,,53,4,5,38,0,91,174,91,,,,
2020-11-26,39,82004,Altavilla Milicia,38.0421,13.54901,,,,,49,-1,2,38,0,87,148,87,,,,
2020-11-27,39,82006,Bagheria,38.078918,13.512365,,,,,469,5,25,357,29,855,1346,855,,,,
2020-11-27,39,82067,Santa Flavia,38.08246,13.52758,,,,,89,0,6,49,3,141,259,141,,,,
2020-11-27,39,82035,Ficarazzi,38.089272,13.46891,,,,,128,-1,3,84,1,213,371,213,,,,
2020-11-27,39,82023,Casteldaccia,38.05373,13.52967,,,,,62,9,11,40,0,102,177,102,,,,
2020-11-27,39,82004,Altavilla Milicia,38.0421,13.54901,,,,,47,-2,1,41,0,88,151,88,,,,
2020-11-29,39,82006,Bagheria,38.078918,13.512365,,,,,452,-17,0,383,41,855,1405,855,,,,
2020-11-29,39,82067,Santa Flavia,38.08246,13.52758,,,,,89,0,3,51,3,144,279,144,,,,
2020-11-29,39,82035,Ficarazzi,38.089272,13.46891,,,,,123,-5,0,89,1,213,392,213,,,,
2020-11-29,39,82023,Casteldaccia,38.05373,13.52967,,,,,64,2,3,41,0,105,189,105,,,,
2020-11-29,39,82004,Altavilla Milicia,38.0421,13.54901,,,,,50,3,3,41,0,91,160,91,,,,
2020-11-30,39,82006,Bagheria,38.078918,13.512365,,,,,449,-3,21,404,41,876,1476,876,,,,
2020-11-30,39,82067,Santa Flavia,38.08246,13.52758,,,,,89,0,6,58,3,150,287,150,,,,
2020-11-30,39,82035,Ficarazzi,38.089272,13.46891,,,,,128,5,7,91,1,220,400,220,,,,
2020-11-30,39,82023,Casteldaccia,38.05373,13.52967,,,,,79,15,19,45,0,124,193,124,,,,
2020-11-30,39,82004,Altavilla Milicia,38.0421,13.54901,,,,,50,0,1,42,0,92,162,92,,,,
2020-12-01,39,82006,Bagheria,38.078918,13.512365,,,,,438,-11,27,424,41,903,1494,903,,,,
2020-12-01,39,82067,Santa Flavia,38.08246,13.52758,,,,,87,-2,1,61,3,151,306,151,,,,
2020-12-01,39,82035,Ficarazzi,38.089272,13.46891,,,,,127,-1,0,92,1,220,416,220,,,,
2020-12-01,39,82023,Casteldaccia,38.05373,13.52967,,,,,75,-4,0,49,0,124,197,124,,,,
2020-12-01,39,82004,Altavilla Milicia,38.0421,13.54901,,,,,46,-4,6,52,0,98,168,98,,,,
2020-12-02,39,82006,Bagheria,38.078918,13.512365,,,,,427,-11,11,446,41,914,1531,914,,,,
2020-12-02,39,82067,Santa Flavia,38.08246,13.52758,,,,,89,2,2,61,3,153,316,153,,,,
2020-12-02,39,82035,Ficarazzi,38.089272,13.46891,,,,,118,-9,0,101,1,220,419,220,,,,
2020-12-02,39,82023,Casteldaccia,38.05373,13.52967,,,,,78,3,4,50,0,128,203,128,,,,
2020-12-02,39,82004,Altavilla Milicia,38.0421,13.54901,,,,,40,-6,0,58,0,98,171,98,,,,
2020-12-03,39,82006,Bagheria,38.078918,13.512365,,,,,456,29,29,446,41,943,1566,943,,,,
2020-12-03,39,82067,Santa Flavia,38.08246,13.52758,,,,,95,6,12,67,3,165,320,165,,,,
2020-12-03,39,82035,Ficarazzi,38.089272,13.46891,,,,,125,7,7,101,1,227,421,227,,,,
2020-12-03,39,82023,Casteldaccia,38.05373,13.52967,,,,,82,4,6,52,0,134,210,134,,,,
2020-12-03,39,82004,Altavilla Milicia,38.0421,13.54901,,,,,45,5,6,59,0,104,178,104,,,,
2020-12-04,39,82006,Bagheria,38.078918,13.512365,,,,,461,5,23,464,41,966,1598,966,,,,
2020-12-04,39,82067,Santa Flavia,38.08246,13.52758,,,,,102,7,12,72,3,177,327,177,,,,
2020-12-04,39,82035,Ficarazzi,38.089272,13.46891,,,,,117,-8,0,109,1,227,424,227,,,,
2020-12-04,39,82023,Casteldaccia,38.05373,13.52967,,,,,87,5,7,54,0,141,211,141,,,,
2020-12-04,39,82004,Altavilla Milicia,38.0421,13.54901,,,,,44,-1,3,63,0,107,180,107,,,,
2020-12-05,39,82006,Bagheria,38.078918,13.512365,,,,,387,-74,2,540,41,968,1617,968,,,,
2020-12-05,39,82067,Santa Flavia,38.08246,13.52758,,,,,92,-10,1,83,3,178,334,178,,,,
2020-12-05,39,82035,Ficarazzi,38.089272,13.46891,,,,,103,-14,3,126,1,230,437,230,,,,
2020-12-05,39,82023,Casteldaccia,38.05373,13.52967,,,,,87,0,0,54,0,141,228,141,,,,
2020-12-05,39,82004,Altavilla Milicia,38.0421,13.54901,,,,,44,0,0,63,0,107,186,107,,,,
2020-12-06,39,82006,Bagheria,38.078918,13.512365,,,,,409,22,26,544,41,994,1647,994,,,,
2020-12-06,39,82067,Santa Flavia,38.08246,13.52758,,,,,95,3,14,94,3,192,347,192,,,,
2020-12-06,39,82035,Ficarazzi,38.089272,13.46891,,,,,110,7,8,127,1,238,450,238,,,,
2020-12-06,39,82023,Casteldaccia,38.05373,13.52967,,,,,91,4,5,55,0,146,230,146,,,,
2020-12-06,39,82004,Altavilla Milicia,38.0421,13.54901,,,,,46,2,2,63,0,109,191,109,,,,
2020-12-08,39,82006,Bagheria,38.078918,13.512365,,,,,400,-9,27,580,41,1021,1688,1021,,,,
2020-12-08,39,82067,Santa Flavia,38.08246,13.52758,,,,,103,8,11,97,3,203,362,203,,,,
2020-12-08,39,82035,Ficarazzi,38.089272,13.46891,,,,,99,-11,7,145,1,245,467,245,,,,
2020-12-08,39,82023,Casteldaccia,38.05373,13.52967,,,,,94,3,4,56,0,150,234,150,,,,
2020-12-08,39,82004,Altavilla Milicia,38.0421,13.54901,,,,,51,5,6,64,0,115,191,115,,,,
2020-12-09,39,82006,Bagheria,38.078918,13.512365,,,,,391,-9,8,596,42,1029,1717,1029,,,,
2020-12-09,39,82067,Santa Flavia,38.08246,13.52758,,,,,99,-4,4,105,3,207,370,207,,,,
2020-12-09,39,82035,Ficarazzi,38.089272,13.46891,,,,,96,-3,6,154,1,251,472,251,,,,
2020-12-09,39,82023,Casteldaccia,38.05373,13.52967,,,,,87,-7,3,66,0,153,240,153,,,,
2020-12-09,39,82004,Altavilla Milicia,38.0421,13.54901,,,,,51,0,5,69,0,120,191,120,,,,
2020-12-10,39,82006,Bagheria,38.078918,13.512365,,,,,397,6,7,597,42,1036,1757,1036,,,,
2020-12-10,39,82067,Santa Flavia,38.08246,13.52758,,,,,95,-4,2,111,3,209,384,209,,,,
2020-12-10,39,82035,Ficarazzi,38.089272,13.46891,,,,,97,1,1,154,1,252,475,252,,,,
2020-12-10,39,82023,Casteldaccia,38.05373,13.52967,,,,,87,0,0,66,0,153,249,153,,,,
2020-12-10,39,82004,Altavilla Milicia,38.0421,13.54901,,,,,51,0,0,69,0,120,193,120,,,,
2020-12-11,39,82006,Bagheria,38.078918,13.512365,,,,,364,-33,16,646,42,1052,1780,1052,,,,
2020-12-11,39,82067,Santa Flavia,38.08246,13.52758,,,,,98,3,11,119,3,220,403,220,,,,
2020-12-11,39,82035,Ficarazzi,38.089272,13.46891,,,,,88,-9,6,169,1,258,491,258,,,,
2020-12-11,39,82023,Casteldaccia,38.05373,13.52967,,,,,84,-3,1,70,0,154,262,154,,,,
2020-12-11,39,82004,Altavilla Milicia,38.0421,13.54901,,,,,44,-7,0,76,0,120,194,120,,,,
2020-12-12,39,82006,Bagheria,38.078918,13.512365,,,,,351,-13,10,655,56,1062,1800,1062,,,,
2020-12-12,39,82067,Santa Flavia,38.08246,13.52758,,,,,102,4,5,120,3,225,428,225,,,,
2020-12-12,39,82035,Ficarazzi,38.089272,13.46891,,,,,81,-7,1,177,1,259,497,259,,,,
2020-12-12,39,82023,Casteldaccia,38.05373,13.52967,,,,,85,1,1,74,0,155,270,155,,,,
2020-12-12,39,82004,Altavilla Milicia,38.0421,13.54901,,,,,44,0,1,76,1,121,197,121,,,,
2020-12-14,39,82006,Bagheria,38.078918,13.512365,,,,,347,-4,15,674,56,1077,1840,1077,,,,
2020-12-14,39,82067,Santa Flavia,38.08246,13.52758,,,,,107,5,11,126,3,236,435,236,,,,
2020-12-14,39,82035,Ficarazzi,38.089272,13.46891,,,,,71,-10,1,188,1,260,505,260,,,,
2020-12-14,39,82023,Casteldaccia,38.05373,13.52967,,,,,71,-14,1,84,1,156,278,156,,,,
2020-12-14,39,82004,Altavilla Milicia,38.0421,13.54901,,,,,44,0,2,78,1,123,201,123,,,,
2020-12-15,39,82006,Bagheria,38.078918,13.512365,,,,,346,-1,17,691,57,1094,1861,1094,,,,
2020-12-15,39,82067,Santa Flavia,38.08246,13.52758,,,,,103,-4,5,135,3,241,441,241,,,,
2020-12-15,39,82035,Ficarazzi,38.089272,13.46891,,,,,66,-5,1,194,1,261,511,261,,,,
2020-12-15,39,82023,Casteldaccia,38.05373,13.52967,,,,,69,-2,0,86,1,156,280,156,,,,
2020-12-15,39,82004,Altavilla Milicia,38.0421,13.54901,,,,,41,-3,0,81,1,123,204,123,,,,
2020-12-16,39,82006,Bagheria,38.078918,13.512365,,,,,293,-53,16,760,57,1110,1882,1110,,,,
2020-12-16,39,82067,Santa Flavia,38.08246,13.52758,,,,,107,4,16,147,3,257,447,257,,,,
2020-12-16,39,82035,Ficarazzi,38.089272,13.46891,,,,,70,4,12,202,1,273,516,273,,,,
2020-12-16,39,82023,Casteldaccia,38.05373,13.52967,,,,,56,-13,1,100,1,157,284,157,,,,
2020-12-16,39,82004,Altavilla Milicia,38.0421,13.54901,,,,,40,-1,0,82,1,123,210,123,,,,
2020-12-17,39,82006,Bagheria,38.078918,13.512365,,,,,303,10,10,760,57,1120,1919,1120,,,,
2020-12-17,39,82067,Santa Flavia,38.08246,13.52758,,,,,107,0,0,147,3,257,465,257,,,,Aggiunto (+1) a totale_casi per via di un errore con l'indirizzo di un paziente.
2020-12-17,39,82035,Ficarazzi,38.089272,13.46891,,,,,71,1,2,203,1,275,518,275,,,,
2020-12-17,39,82023,Casteldaccia,38.05373,13.52967,,,,,59,3,3,100,1,160,293,160,,,,
2020-12-17,39,82004,Altavilla Milicia,38.0421,13.54901,,,,,42,2,2,82,1,125,215,125,,,,
2020-12-20,39,82006,Bagheria,38.078918,13.512365,,,,,309,6,22,775,59,1142,1994,1142,,,,
2020-12-20,39,82067,Santa Flavia,38.08246,13.52758,,,,,98,-9,1,157,3,258,504,258,,,,
2020-12-20,39,82035,Ficarazzi,38.089272,13.46891,,,,,70,-1,4,208,1,279,540,279,,,,
2020-12-20,39,82023,Casteldaccia,38.05373,13.52967,,,,,62,3,3,100,1,163,313,163,,,,
2020-12-20,39,82004,Altavilla Milicia,38.0421,13.54901,,,,,40,-2,1,85,1,126,224,126,,,,
2020-12-21,39,82006,Bagheria,38.078918,13.512365,,,,,314,5,39,809,59,1181,2012,1181,,,,
2020-12-21,39,82067,Santa Flavia,38.08246,13.52758,,,,,98,0,4,161,3,262,506,262,,,,
2020-12-21,39,82035,Ficarazzi,38.089272,13.46891,,,,,85,15,15,208,1,294,555,294,,,,
2020-12-21,39,82023,Casteldaccia,38.05373,13.52967,,,,,61,-1,4,105,1,167,314,167,,,,
2020-12-21,39,82004,Altavilla Milicia,38.0421,13.54901,,,,,37,-3,3,91,1,129,225,129,,,,
2020-12-22,39,82006,Bagheria,38.078918,13.512365,,,,,313,-1,2,811,60,1183,2035,1183,,,,
2020-12-22,39,82067,Santa Flavia,38.08246,13.52758,,,,,94,-4,2,167,3,264,509,264,,,,
2020-12-22,39,82035,Ficarazzi,38.089272,13.46891,,,,,81,-4,1,211,3,295,566,295,,,,
2020-12-22,39,82023,Casteldaccia,38.05373,13.52967,,,,,53,-8,0,113,1,167,314,167,,,,
2020-12-22,39,82004,Altavilla Milicia,38.0421,13.54901,,,,,30,-7,0,98,1,129,225,129,,,,
2020-12-25,39,82006,Bagheria,38.078918,13.512365,,,,,331,18,26,818,61,1209,2102,1209,,,,
2020-12-25,39,82067,Santa Flavia,38.08246,13.52758,,,,,99,5,9,171,3,273,542,273,,,,
2020-12-25,39,82035,Ficarazzi,38.089272,13.46891,,,,,69,-12,5,228,3,300,579,300,,,,
2020-12-25,39,82023,Casteldaccia,38.05373,13.52967,,,,,51,-2,8,123,1,175,321,175,,,,
2020-12-25,39,82004,Altavilla Milicia,38.0421,13.54901,,,,,30,0,2,100,1,131,229,131,,,,
2020-12-28,39,82006,Bagheria,38.078918,13.512365,,,,,346,15,31,833,62,1240,2221,1240,,,,
2020-12-28,39,82067,Santa Flavia,38.08246,13.52758,,,,,104,5,6,172,3,279,569,279,,,,
2020-12-28,39,82035,Ficarazzi,38.089272,13.46891,,,,,61,-8,4,239,4,304,589,304,,,,
2020-12-28,39,82023,Casteldaccia,38.05373,13.52967,,,,,51,0,0,123,1,175,333,175,,,,
2020-12-28,39,82004,Altavilla Milicia,38.0421,13.54901,,,,,31,1,1,100,1,132,234,132,,,,
2020-12-30,39,82006,Bagheria,38.078918,13.512365,,,,,363,17,20,833,66,1260,2313,1260,,,,
2020-12-30,39,82067,Santa Flavia,38.08246,13.52758,,,,,113,9,20,179,7,299,587,299,,,,
2020-12-30,39,82035,Ficarazzi,38.089272,13.46891,,,,,68,7,12,244,4,316,609,316,,,,
2020-12-30,39,82023,Casteldaccia,38.05373,13.52967,,,,,52,1,5,127,1,180,346,180,,,,
2020-12-30,39,82004,Altavilla Milicia,38.0421,13.54901,,,,,34,3,3,100,1,135,242,135,,,,
2020-12-31,39,82006,Bagheria,38.078918,13.512365,,,,,371,8,19,842,66,1279,2339,1279,,,,
2020-12-31,39,82067,Santa Flavia,38.08246,13.52758,,,,,119,6,6,179,7,305,600,305,,,,
2020-12-31,39,82035,Ficarazzi,38.089272,13.46891,,,,,69,1,2,245,4,318,611,318,,,,
2020-12-31,39,82023,Casteldaccia,38.05373,13.52967,,,,,52,0,6,128,6,186,351,186,,,,
2020-12-31,39,82004,Altavilla Milicia,38.0421,13.54901,,,,,34,0,1,101,1,136,245,136,,,,
2021-01-01,39,82006,Bagheria,38.078918,13.512365,,,,,388,17,17,842,66,1296,2346,1296,,,,
2021-01-01,39,82067,Santa Flavia,38.08246,13.52758,,,,,121,2,2,179,7,307,600,307,,,,
2021-01-01,39,82035,Ficarazzi,38.089272,13.46891,,,,,69,0,0,245,4,318,641,318,,,,
2021-01-01,39,82023,Casteldaccia,38.05373,13.52967,,,,,53,1,1,128,6,187,353,187,,,,
2021-01-01,39,82004,Altavilla Milicia,38.0421,13.54901,,,,,34,0,0,101,1,136,245,136,,,,
2021-01-03,39,82006,Bagheria,38.078918,13.512365,,,,,392,4,27,865,66,1323,2459,1323,,,,
2021-01-03,39,82067,Santa Flavia,38.08246,13.52758,,,,,125,4,13,187,8,320,642,320,,,,
2021-01-03,39,82035,Ficarazzi,38.089272,13.46891,,,,,78,9,10,246,4,328,653,328,,,,
2021-01-03,39,82023,Casteldaccia,38.05373,13.52967,,,,,53,0,5,133,6,192,366,192,,,,
2021-01-03,39,82004,Altavilla Milicia,38.0421,13.54901,,,,,39,5,5,101,1,141,248,141,,,,
2021-01-06,39,82006,Bagheria,38.078918,13.512365,,,,,423,31,68,902,66,1391,2509,1391,,,,
2021-01-06,39,82067,Santa Flavia,38.08246,13.52758,,,,,127,2,23,208,8,343,657,343,,,,
2021-01-06,39,82035,Ficarazzi,38.089272,13.46891,,,,,62,-16,11,273,4,339,681,339,,,,
2021-01-06,39,82023,Casteldaccia,38.05373,13.52967,,,,,56,3,3,133,6,195,377,195,,,,
2021-01-06,39,82004,Altavilla Milicia,38.0421,13.54901,,,,,39,0,4,105,1,145,255,145,,,,
2021-01-08,39,82006,Bagheria,38.078918,13.512365,,,,,409,-14,27,943,66,1418,2594,1418,,,,
2021-01-08,39,82067,Santa Flavia,38.08246,13.52758,,,,,141,14,22,216,8,365,710,365,,,,
2021-01-08,39,82035,Ficarazzi,38.089272,13.46891,,,,,61,-1,9,283,4,348,718,348,,,,
2021-01-08,39,82023,Casteldaccia,38.05373,13.52967,,,,,57,1,5,137,6,200,388,200,,,,
2021-01-08,39,82004,Altavilla Milicia,38.0421,13.54901,,,,,39,0,0,105,1,145,261,145,,,,
2021-01-10,39,82006,Bagheria,38.078918,13.512365,,,,,418,9,10,943,67,1428,2637,1428,,,,
2021-01-10,39,82067,Santa Flavia,38.08246,13.52758,,,,,142,1,1,216,8,366,720,366,,,,
2021-01-10,39,82035,Ficarazzi,38.089272,13.46891,,,,,65,4,5,284,4,353,722,353,,,,
2021-01-10,39,82023,Casteldaccia,38.05373,13.52967,,,,,56,-1,3,141,6,203,395,203,,,,
2021-01-10,39,82004,Altavilla Milicia,38.0421,13.54901,,,,,39,0,0,105,1,145,269,145,,,,
2021-01-11,39,82006,Bagheria,38.078918,13.512365,,,,,443,25,43,961,67,1471,2681,1471,,,,
2021-01-11,39,82067,Santa Flavia,38.08246,13.52758,,,,,154,12,22,226,8,388,734,388,,,,
2021-01-11,39,82035,Ficarazzi,38.089272,13.46891,,,,,90,25,28,287,4,381,730,381,,,,
2021-01-11,39,82023,Casteldaccia,38.05373,13.52967,,,,,60,4,8,145,6,211,398,211,,,,
2021-01-11,39,82004,Altavilla Milicia,38.0421,13.54901,,,,,40,1,3,105,3,148,270,148,,,,
2021-01-12,39,82006,Bagheria,38.078918,13.512365,,,,,440,-3,22,985,68,1493,2704,1493,,,,
2021-01-12,39,82067,Santa Flavia,38.08246,13.52758,,,,,158,4,4,226,8,392,744,392,,,,
2021-01-12,39,82035,Ficarazzi,38.089272,13.46891,,,,,89,-1,0,288,4,381,733,381,,,,
2021-01-12,39,82023,Casteldaccia,38.05373,13.52967,,,,,59,-1,3,148,7,214,401,214,,,,
2021-01-12,39,82004,Altavilla Milicia,38.0421,13.54901,,,,,42,2,3,106,3,151,270,151,,,,
2021-01-13,39,82006,Bagheria,38.078918,13.512365,,,,,444,4,14,995,68,1507,2764,1507,,,,
2021-01-13,39,82067,Santa Flavia,38.08246,13.52758,,,,,159,1,6,231,8,398,753,398,,,,
2021-01-13,39,82035,Ficarazzi,38.089272,13.46891,,,,,84,-5,2,295,4,383,742,383,,,,
2021-01-13,39,82023,Casteldaccia,38.05373,13.52967,,,,,54,-5,0,153,7,214,444,214,,,,
2021-01-13,39,82004,Altavilla Milicia,38.0421,13.54901,,,,,35,-7,5,118,3,156,279,156,,,,
2021-01-14,39,82006,Bagheria,38.078918,13.512365,,,,,431,-13,3,1011,68,1510,2801,1510,,,,
2021-01-14,39,82067,Santa Flavia,38.08246,13.52758,,,,,159,0,2,233,8,400,762,400,,,,
2021-01-14,39,82035,Ficarazzi,38.089272,13.46891,,,,,85,1,2,296,4,385,767,385,,,,
2021-01-14,39,82023,Casteldaccia,38.05373,13.52967,,,,,48,-6,1,160,7,215,447,215,,,,
2021-01-14,39,82004,Altavilla Milicia,38.0421,13.54901,,,,,38,3,3,118,3,159,283,159,,,,
2021-01-15,39,82006,Bagheria,38.078918,13.512365,,,,,447,16,18,1013,68,1528,2836,1528,,,,
2021-01-15,39,82067,Santa Flavia,38.08246,13.52758,,,,,164,5,10,237,9,410,799,410,,,,
2021-01-15,39,82035,Ficarazzi,38.089272,13.46891,,,,,89,4,5,297,4,390,776,390,,,,
2021-01-15,39,82023,Casteldaccia,38.05373,13.52967,,,,,46,-2,2,163,8,217,453,217,,,,
2021-01-15,39,82004,Altavilla Milicia,38.0421,13.54901,,,,,36,-2,1,121,3,160,289,160,,,,
2021-01-16,39,82006,Bagheria,38.078918,13.512365,,,,,452,5,7,1015,68,1535,2895,1535,,,,
2021-01-16,39,82067,Santa Flavia,38.08246,13.52758,,,,,168,4,4,237,9,414,840,414,,,,
2021-01-16,39,82035,Ficarazzi,38.089272,13.46891,,,,,94,5,5,297,4,395,796,395,,,,
2021-01-16,39,82023,Casteldaccia,38.05373,13.52967,,,,,46,0,1,164,8,218,458,218,,,,
2021-01-16,39,82004,Altavilla Milicia,38.0421,13.54901,,,,,36,0,0,121,3,160,298,160,,,,
2021-01-18,39,82006,Bagheria,38.078918,13.512365,,,,,467,15,27,1026,69,1562,2983,1562,,,,
2021-01-18,39,82067,Santa Flavia,38.08246,13.52758,,,,,174,6,9,240,9,423,857,423,,,,
2021-01-18,39,82035,Ficarazzi,38.089272,13.46891,,,,,117,23,23,297,4,418,802,418,,,,
2021-01-18,39,82023,Casteldaccia,38.05373,13.52967,,,,,83,37,40,167,8,258,464,258,,,,
2021-01-18,39,82004,Altavilla Milicia,38.0421,13.54901,,,,,41,5,5,121,3,165,310,165,,,,
2021-01-19,39,82006,Bagheria,38.078918,13.512365,,,,,481,14,20,1031,70,1582,3010,1582,,,,
2021-01-19,39,82067,Santa Flavia,38.08246,13.52758,,,,,208,34,35,241,9,458,873,458,,,,
2021-01-19,39,82035,Ficarazzi,38.089272,13.46891,,,,,125,8,8,297,4,426,806,426,,,,
2021-01-19,39,82023,Casteldaccia,38.05373,13.52967,,,,,81,-2,4,173,8,262,469,262,,,,
2021-01-19,39,82004,Altavilla Milicia,38.0421,13.54901,,,,,48,7,7,121,3,172,311,172,,,,
2021-01-20,39,82006,Bagheria,38.078918,13.512365,,,,,486,5,30,1056,70,1612,3048,1612,,,,
2021-01-20,39,82067,Santa Flavia,38.08246,13.52758,,,,,196,-12,7,259,10,465,900,465,,,,
2021-01-20,39,82035,Ficarazzi,38.089272,13.46891,,,,,128,3,3,297,4,429,818,429,,,,
2021-01-20,39,82023,Casteldaccia,38.05373,13.52967,,,,,84,3,4,174,8,266,481,266,,,,
2021-01-20,39,82004,Altavilla Milicia,38.0421,13.54901,,,,,49,1,1,121,3,173,314,173,,,,
2021-01-21,39,82006,Bagheria,38.078918,13.512365,,,,,518,32,38,1062,70,1650,3062,1650,,,,
2021-01-21,39,82067,Santa Flavia,38.08246,13.52758,,,,,205,9,9,259,10,474,910,474,,,,
2021-01-21,39,82035,Ficarazzi,38.089272,13.46891,,,,,128,0,0,297,4,429,829,429,,,,
2021-01-21,39,82023,Casteldaccia,38.05373,13.52967,,,,,87,3,3,174,8,269,485,269,,,,
2021-01-21,39,82004,Altavilla Milicia,38.0421,13.54901,,,,,56,7,7,121,3,180,317,180,,,,
2021-01-22,39,82006,Bagheria,38.078918,13.512365,,,,,528,10,10,1062,70,1660,3119,1660,,,,
2021-01-22,39,82067,Santa Flavia,38.08246,13.52758,,,,,206,1,3,261,10,477,925,477,,,,
2021-01-22,39,82035,Ficarazzi,38.089272,13.46891,,,,,129,1,1,297,4,430,842,430,,,,
2021-01-22,39,82023,Casteldaccia,38.05373,13.52967,,,,,89,2,2,174,8,271,492,271,,,,
2021-01-22,39,82004,Altavilla Milicia,38.0421,13.54901,,,,,59,3,5,123,3,185,320,185,,,,
2021-01-23,39,82006,Bagheria,38.078918,13.512365,,,,,539,11,18,1064,75,1678,3150,1678,,,,
2021-01-23,39,82067,Santa Flavia,38.08246,13.52758,,,,,220,14,14,261,10,491,938,491,,,,
2021-01-23,39,82035,Ficarazzi,38.089272,13.46891,,,,,119,-10,5,312,4,435,858,435,,,,
2021-01-23,39,82023,Casteldaccia,38.05373,13.52967,,,,,95,6,6,174,8,277,494,277,,,,
2021-01-23,39,82004,Altavilla Milicia,38.0421,13.54901,,,,,60,1,2,124,3,187,332,187,,,,
2021-01-25,39,82006,Bagheria,38.078918,13.512365,,,,,525,-14,3,1081,75,1681,3207,1681,,,,
2021-01-25,39,82067,Santa Flavia,38.08246,13.52758,,,,,220,0,0,261,10,491,947,491,,,,
2021-01-25,39,82035,Ficarazzi,38.089272,13.46891,,,,,119,0,0,312,4,435,859,435,,,,
2021-01-25,39,82023,Casteldaccia,38.05373,13.52967,,,,,92,-3,1,177,9,278,523,278,,,,
2021-01-25,39,82004,Altavilla Milicia,38.0421,13.54901,,,,,60,0,2,126,3,189,333,189,,,,
2021-01-26,39,82006,Bagheria,38.078918,13.512365,,,,,534,9,48,1116,79,1729,3244,1729,,,,
2021-01-26,39,82067,Santa Flavia,38.08246,13.52758,,,,,219,-1,8,270,10,499,955,499,,,,
2021-01-26,39,82035,Ficarazzi,38.089272,13.46891,,,,,119,0,9,321,4,444,863,444,,,,
2021-01-26,39,82023,Casteldaccia,38.05373,13.52967,,,,,95,3,4,178,9,282,524,282,,,,
2021-01-26,39,82004,Altavilla Milicia,38.0421,13.54901,,,,,56,-4,5,135,3,194,345,194,,,,
2021-01-27,39,82006,Bagheria,38.078918,13.512365,,,,,557,23,39,1132,79,1768,3278,1768,,,,
2021-01-27,39,82067,Santa Flavia,38.08246,13.52758,,,,,191,-28,1,299,10,500,957,500,,,,
2021-01-27,39,82035,Ficarazzi,38.089272,13.46891,,,,,104,-15,4,340,4,448,893,448,,,,
2021-01-27,39,82023,Casteldaccia,38.05373,13.52967,,,,,91,-4,2,184,9,284,540,284,,,,
2021-01-27,39,82004,Altavilla Milicia,38.0421,13.54901,,,,,57,1,4,138,3,198,349,198,,,,
2021-01-28,39,82006,Bagheria,38.078918,13.512365,,,,,494,-63,3,1197,80,1771,3321,1771,,,,
2021-01-28,39,82067,Santa Flavia,38.08246,13.52758,,,,,181,-10,0,309,10,500,974,500,,,,
2021-01-28,39,82035,Ficarazzi,38.089272,13.46891,,,,,96,-8,0,348,4,448,907,448,,,,
2021-01-28,39,82023,Casteldaccia,38.05373,13.52967,,,,,101,10,5,188,9,289,549,289,,,,
2021-01-28,39,82004,Altavilla Milicia,38.0421,13.54901,,,,,63,6,6,138,3,204,353,204,,,,
2021-01-29,39,82006,Bagheria,38.078918,13.512365,,,,,482,-12,15,1225,79,1786,3401,1786,,,,
2021-01-29,39,82067,Santa Flavia,38.08246,13.52758,,,,,167,-14,0,323,10,500,997,500,,,,
2021-01-29,39,82035,Ficarazzi,38.089272,13.46891,,,,,90,-6,1,355,4,449,924,449,,,,
2021-01-29,39,82023,Casteldaccia,38.05373,13.52967,,,,,101,0,9,188,9,298,558,298,,,,
2021-01-29,39,82004,Altavilla Milicia,38.0421,13.54901,,,,,67,4,4,138,3,208,370,208,,,,
2021-01-30,39,82006,Bagheria,38.078918,13.512365,,,,,484,2,22,1245,79,1808,3431,1808,,,,
2021-01-30,39,82067,Santa Flavia,38.08246,13.52758,,,,,179,12,13,324,10,513,1018,513,,,,
2021-01-30,39,82035,Ficarazzi,38.089272,13.46891,,,,,92,2,2,355,4,451,929,451,,,,
2021-01-30,39,82023,Casteldaccia,38.05373,13.52967,,,,,109,8,9,189,9,307,566,307,,,,
2021-01-30,39,82004,Altavilla Milicia,38.0421,13.54901,,,,,73,6,6,138,3,214,374,214,,,,
2021-02-01,39,82006,Bagheria,38.078918,13.512365,,,,,475,-9,21,1273,81,1829,3471,1829,,,,
2021-02-01,39,82067,Santa Flavia,38.08246,13.52758,,,,,167,-12,0,336,10,513,1035,513,,,,
2021-02-01,39,82035,Ficarazzi,38.089272,13.46891,,,,,84,-8,5,368,4,456,931,456,,,,
2021-02-01,39,82023,Casteldaccia,38.05373,13.52967,,,,,109,0,0,189,9,307,566,307,,,,
2021-02-01,39,82004,Altavilla Milicia,38.0421,13.54901,,,,,73,0,0,138,3,214,380,214,,,,
2021-02-02,39,82006,Bagheria,38.078918,13.512365,,,,,489,14,35,1293,82,1864,3503,1864,,,,
2021-02-02,39,82067,Santa Flavia,38.08246,13.52758,,,,,168,1,5,340,10,518,1054,518,,,,
2021-02-02,39,82035,Ficarazzi,38.089272,13.46891,,,,,95,11,23,380,4,479,934,479,,,,
2021-02-02,39,82023,Casteldaccia,38.05373,13.52967,,,,,102,-7,7,201,11,314,576,314,,,,
2021-02-02,39,82004,Altavilla Milicia,38.0421,13.54901,,,,,73,0,6,144,3,220,387,220,,,,
2021-02-03,39,82006,Bagheria,38.078918,13.512365,,,,,432,-57,10,1359,83,1874,3513,1874,,,,
2021-02-03,39,82067,Santa Flavia,38.08246,13.52758,,,,,156,-12,1,353,10,519,1061,519,,,,
2021-02-03,39,82035,Ficarazzi,38.089272,13.46891,,,,,92,-3,1,384,4,480,935,480,,,,
2021-02-03,39,82023,Casteldaccia,38.05373,13.52967,,,,,97,-5,0,205,12,314,578,314,,,,
2021-02-03,39,82004,Altavilla Milicia,38.0421,13.54901,,,,,71,-2,3,149,3,223,387,223,,,,
2021-02-05,39,82006,Bagheria,38.078918,13.512365,,,,,398,-34,13,1406,83,1887,3650,1887,,,,
2021-02-05,39,82067,Santa Flavia,38.08246,13.52758,,,,,139,-17,4,374,10,523,1091,523,,,,
2021-02-05,39,82035,Ficarazzi,38.089272,13.46891,,,,,85,-7,0,391,4,480,970,480,,,,
2021-02-05,39,82023,Casteldaccia,38.05373,13.52967,,,,,103,6,7,206,12,321,614,321,,,,
2021-02-05,39,82004,Altavilla Milicia,38.0421,13.54901,,,,,71,0,4,153,3,227,415,227,,,,
2021-02-06,39,82006,Bagheria,38.078918,13.512365,,,,,426,28,46,1424,83,1933,3678,1933,,,,
2021-02-06,39,82067,Santa Flavia,38.08246,13.52758,,,,,132,-7,7,388,10,530,1094,530,,,,
2021-02-06,39,82035,Ficarazzi,38.089272,13.46891,,,,,88,3,6,394,4,486,981,486,,,,
2021-02-06,39,82023,Casteldaccia,38.05373,13.52967,,,,,103,0,4,209,13,325,617,325,,,,
2021-02-06,39,82004,Altavilla Milicia,38.0421,13.54901,,,,,77,6,7,154,3,234,424,234,,,,
2021-02-08,39,82006,Bagheria,38.078918,13.512365,,,,,430,4,24,1444,83,1957,3691,1957,,,,
2021-02-08,39,82067,Santa Flavia,38.08246,13.52758,,,,,113,-19,2,409,10,532,1105,532,,,,
2021-02-08,39,82035,Ficarazzi,38.089272,13.46891,,,,,85,-3,10,407,4,496,988,496,,,,
2021-02-08,39,82023,Casteldaccia,38.05373,13.52967,,,,,103,0,2,212,14,327,618,327,,,,
2021-02-08,39,82004,Altavilla Milicia,38.0421,13.54901,,,,,87,10,13,157,3,247,426,247,,,,
2021-02-09,39,82006,Bagheria,38.078918,13.512365,,,,,411,-19,7,1469,84,1964,3703,1964,,,,
2021-02-09,39,82067,Santa Flavia,38.08246,13.52758,,,,,98,-15,1,425,10,533,1107,533,,,,
2021-02-09,39,82035,Ficarazzi,38.089272,13.46891,,,,,89,4,4,408,4,500,992,500,,,,
2021-02-09,39,82023,Casteldaccia,38.05373,13.52967,,,,,94,-9,0,220,14,327,624,327,,,,Rettificato numero totale_positivi (-1) per via del doppio inserimento di un paziente causa errore di battitura.
2021-02-09,39,82004,Altavilla Milicia,38.0421,13.54901,,,,,70,-17,1,175,3,248,430,248,,,,
2021-02-10,39,82006,Bagheria,38.078918,13.512365,,,,,386,-25,5,1499,84,1969,3763,1969,,,,
2021-02-10,39,82067,Santa Flavia,38.08246,13.52758,,,,,93,-5,1,430,11,534,1117,534,,,,
2021-02-10,39,82035,Ficarazzi,38.089272,13.46891,,,,,84,-5,0,412,4,500,1002,500,,,,Rettificato numero totale_positivi (-1) per via dell'inserimento di un paziente con residenza errata.
2021-02-10,39,82023,Casteldaccia,38.05373,13.52967,,,,,87,-7,0,227,14,327,636,327,,,,Rettificato numero totale_positivi (-1) per via del doppio inserimento di un paziente causa errore di battitura.
2021-02-10,39,82004,Altavilla Milicia,38.0421,13.54901,,,,,61,-9,0,183,4,248,444,248,,,,
2021-02-11,39,82006,Bagheria,38.078918,13.512365,,,,,367,-19,3,1521,84,1972,3829,1972,,,,
2021-02-11,39,82067,Santa Flavia,38.08246,13.52758,,,,,78,-15,1,446,11,535,1137,535,,,,
2021-02-11,39,82035,Ficarazzi,38.089272,13.46891,,,,,74,-10,3,425,4,503,1023,503,,,,
2021-02-11,39,82023,Casteldaccia,38.05373,13.52967,,,,,69,-18,0,244,14,327,645,327,,,,
2021-02-11,39,82004,Altavilla Milicia,38.0421,13.54901,,,,,49,-12,0,195,4,248,451,248,,,,
2021-02-12,39,82006,Bagheria,38.078918,13.512365,,,,,383,16,34,1539,84,2006,3834,2006,,,,
2021-02-12,39,82067,Santa Flavia,38.08246,13.52758,,,,,83,5,10,451,11,545,1137,545,,,,
2021-02-12,39,82035,Ficarazzi,38.089272,13.46891,,,,,82,8,11,428,4,514,1023,514,,,,
2021-02-12,39,82023,Casteldaccia,38.05373,13.52967,,,,,56,-13,4,261,14,331,646,331,,,,
2021-02-12,39,82004,Altavilla Milicia,38.0421,13.54901,,,,,45,-4,3,202,4,251,453,251,,,,
2021-02-13,39,82006,Bagheria,38.078918,13.512365,,,,,365,-18,1,1558,84,2007,3844,2007,,,,
2021-02-13,39,82067,Santa Flavia,38.08246,13.52758,,,,,79,-4,2,457,11,547,1138,547,,,,
2021-02-13,39,82035,Ficarazzi,38.089272,13.46891,,,,,83,1,1,428,4,515,1024,515,,,,
2021-02-13,39,82023,Casteldaccia,38.05373,13.52967,,,,,56,0,0,261,14,331,646,331,,,,
2021-02-13,39,82004,Altavilla Milicia,38.0421,13.54901,,,,,44,-1,0,203,4,251,454,251,,,,
2021-02-15,39,82006,Bagheria,38.078918,13.512365,,,,,359,-6,4,1568,84,2011,3910,2011,,,,
2021-02-15,39,82067,Santa Flavia,38.08246,13.52758,,,,,70,-9,0,466,11,547,1154,547,,,,
2021-02-15,39,82035,Ficarazzi,38.089272,13.46891,,,,,76,-7,6,441,4,521,1045,521,,,,
2021-02-15,39,82023,Casteldaccia,38.05373,13.52967,,,,,56,0,0,261,14,331,665,331,,,,
2021-02-15,39,82004,Altavilla Milicia,38.0421,13.54901,,,,,44,0,0,203,4,251,466,251,,,,
2021-02-16,39,82006,Bagheria,38.078918,13.512365,,,,,345,-14,5,1587,84,2016,3932,2016,,,,
2021-02-16,39,82067,Santa Flavia,38.08246,13.52758,,,,,62,-8,0,474,11,547,1155,547,,,,
2021-02-16,39,82035,Ficarazzi,38.089272,13.46891,,,,,75,-1,0,442,4,521,1053,521,,,,
2021-02-16,39,82023,Casteldaccia,38.05373,13.52967,,,,,52,-4,3,268,14,334,669,334,,,,
2021-02-16,39,82004,Altavilla Milicia,38.0421,13.54901,,,,,41,-3,4,210,4,255,472,255,,,,
2021-02-17,39,82006,Bagheria,38.078918,13.512365,,,,,337,-8,6,1601,84,2022,3969,2022,,,,
2021-02-17,39,82067,Santa Flavia,38.08246,13.52758,,,,,54,-8,1,483,11,548,1159,548,,,,
2021-02-17,39,82035,Ficarazzi,38.089272,13.46891,,,,,79,4,5,443,4,526,1062,526,,,,
2021-02-17,39,82023,Casteldaccia,38.05373,13.52967,,,,,47,-5,3,276,14,337,671,337,,,,
2021-02-17,39,82004,Altavilla Milicia,38.0421,13.54901,,,,,36,-5,1,216,4,256,484,256,,,,
2021-02-18,39,82006,Bagheria,38.078918,13.512365,,,,,318,-19,4,1624,84,2026,3994,2026,,,,
2021-02-18,39,82067,Santa Flavia,38.08246,13.52758,,,,,48,-6,0,489,11,548,1160,548,,,,
2021-02-18,39,82035,Ficarazzi,38.089272,13.46891,,,,,78,-1,0,444,4,526,1075,526,,,,
2021-02-18,39,82023,Casteldaccia,38.05373,13.52967,,,,,46,-1,1,278,14,338,675,338,,,,
2021-02-18,39,82004,Altavilla Milicia,38.0421,13.54901,,,,,36,0,0,216,4,256,494,256,,,,
2021-02-19,39,82006,Bagheria,38.078918,13.512365,,,,,314,-4,7,1635,84,2033,4004,2033,,,,
2021-02-19,39,82067,Santa Flavia,38.08246,13.52758,,,,,44,-4,1,494,11,549,1161,549,,,,
2021-02-19,39,82035,Ficarazzi,38.089272,13.46891,,,,,62,-16,0,460,4,526,1076,526,,,,
2021-02-19,39,82023,Casteldaccia,38.05373,13.52967,,,,,42,-4,0,282,14,338,677,338,,,,
2021-02-19,39,82004,Altavilla Milicia,38.0421,13.54901,,,,,22,-14,3,233,4,259,496,259,,,,
2021-02-20,39,82006,Bagheria,38.078918,13.512365,,,,,315,1,6,1640,84,2039,4012,2039,,,,
2021-02-20,39,82067,Santa Flavia,38.08246,13.52758,,,,,44,0,1,495,11,550,1167,550,,,,
2021-02-20,39,82035,Ficarazzi,38.089272,13.46891,,,,,68,6,6,460,4,532,1088,532,,,,
2021-02-20,39,82023,Casteldaccia,38.05373,13.52967,,,,,41,-1,0,283,14,338,677,338,,,,
2021-02-20,39,82004,Altavilla Milicia,38.0421,13.54901,,,,,22,0,0,233,4,259,504,259,,,,
2021-02-22,39,82006,Bagheria,38.078918,13.512365,,,,,279,-36,9,1684,85,2048,4041,2048,,,,
2021-02-22,39,82067,Santa Flavia,38.08246,13.52758,,,,,44,0,3,498,11,553,1171,553,,,,
2021-02-22,39,82035,Ficarazzi,38.089272,13.46891,,,,,54,-14,0,473,4,532,1093,532,,,,Rettificato numero totale_positivi (+1) per via del doppio inserimento di un paziente in data 20210220.
2021-02-22,39,82023,Casteldaccia,38.05373,13.52967,,,,,38,-3,0,286,14,338,695,338,,,,
2021-02-22,39,82004,Altavilla Milicia,38.0421,13.54901,,,,,22,0,6,239,4,265,510,265,,,,
2021-02-23,39,82006,Bagheria,38.078918,13.512365,,,,,270,-9,2,1695,85,2050,4056,2050,,,,
2021-02-23,39,82067,Santa Flavia,38.08246,13.52758,,,,,42,-2,0,500,11,553,1172,553,,,,
2021-02-23,39,82035,Ficarazzi,38.089272,13.46891,,,,,53,-1,0,474,4,531,1097,531,,,,
2021-02-23,39,82023,Casteldaccia,38.05373,13.52967,,,,,38,0,0,286,14,338,702,338,,,,
2021-02-23,39,82004,Altavilla Milicia,38.0421,13.54901,,,,,22,0,0,239,4,265,510,265,,,,
2021-02-24,39,82006,Bagheria,38.078918,13.512365,,,,,264,-6,0,1701,85,2050,4077,2050,,,,
2021-02-24,39,82067,Santa Flavia,38.08246,13.52758,,,,,38,-4,0,504,11,553,1172,553,,,,
2021-02-24,39,82035,Ficarazzi,38.089272,13.46891,,,,,44,-9,0,483,4,531,1102,531,,,,
2021-02-24,39,82023,Casteldaccia,38.05373,13.52967,,,,,33,-5,0,291,14,338,703,338,,,,
2021-02-24,39,82004,Altavilla Milicia,38.0421,13.54901,,,,,22,0,4,243,4,269,512,269,,,,
2021-02-27,39,82006,Bagheria,38.078918,13.512365,,,,,234,-30,7,1738,85,2057,4111,2057,,,,
2021-02-27,39,82067,Santa Flavia,38.08246,13.52758,,,,,37,-1,2,507,11,555,1183,555,,,,
2021-02-27,39,82035,Ficarazzi,38.089272,13.46891,,,,,50,6,10,487,4,541,1123,541,,,,
2021-02-27,39,82023,Casteldaccia,38.05373,13.52967,,,,,40,7,7,291,14,345,704,345,,,,
2021-02-27,39,82004,Altavilla Milicia,38.0421,13.54901,,,,,24,2,4,245,4,273,524,273,,,,
2021-03-01,39,82006,Bagheria,38.078918,13.512365,,,,,236,2,6,1742,85,2063,4122,2063,,,,
2021-03-01,39,82067,Santa Flavia,38.08246,13.52758,,,,,36,-1,0,508,11,555,1190,555,,,,
2021-03-01,39,82035,Ficarazzi,38.089272,13.46891,,,,,44,-6,1,494,4,542,1131,542,,,,
2021-03-01,39,82023,Casteldaccia,38.05373,13.52967,,,,,40,0,0,291,14,345,705,345,,,,
2021-03-01,39,82004,Altavilla Milicia,38.0421,13.54901,,,,,24,0,0,245,4,273,549,273,,,,
2021-03-03,39,82006,Bagheria,38.078918,13.512365,,,,,180,-56,6,1804,85,2069,4137,2069,,,,
2021-03-03,39,82067,Santa Flavia,38.08246,13.52758,,,,,32,-4,3,515,11,558,1194,558,,,,
2021-03-03,39,82035,Ficarazzi,38.089272,13.46891,,,,,43,-1,2,497,4,544,1136,544,,,,
2021-03-03,39,82023,Casteldaccia,38.05373,13.52967,,,,,29,-11,0,302,14,345,706,345,,,,
2021-03-03,39,82004,Altavilla Milicia,38.0421,13.54901,,,,,31,7,10,248,4,283,562,283,,,,
2021-03-06,39,82006,Bagheria,38.078918,13.512365,,,,,146,-34,12,1850,85,2081,4162,2081,,,,
2021-03-06,39,82067,Santa Flavia,38.08246,13.52758,,,,,32,0,1,516,11,559,1200,559,,,,
2021-03-06,39,82035,Ficarazzi,38.089272,13.46891,,,,,45,2,3,498,4,547,1146,547,,,,
2021-03-06,39,82023,Casteldaccia,38.05373,13.52967,,,,,31,2,2,302,14,347,714,347,,,,
2021-03-06,39,82004,Altavilla Milicia,38.0421,13.54901,,,,,60,29,29,248,4,312,577,312,,,,
2021-03-09,39,82006,Bagheria,38.078918,13.512365,,,,,146,0,7,1857,85,2088,4201,2088,,,,
2021-03-09,39,82067,Santa Flavia,38.08246,13.52758,,,,,37,5,6,517,11,565,1205,565,,,,
2021-03-09,39,82035,Ficarazzi,38.089272,13.46891,,,,,48,3,8,503,4,555,1179,555,,,,
2021-03-09,39,82023,Casteldaccia,38.05373,13.52967,,,,,31,0,1,303,14,348,723,348,,,,
2021-03-09,39,82004,Altavilla Milicia,38.0421,13.54901,,,,,72,12,14,248,6,326,610,326,,,,
2021-03-10,39,82006,Bagheria,38.078918,13.512365,,,,,143,-3,26,1866,85,2114,4201,2114,,,,
2021-03-10,39,82067,Santa Flavia,38.08246,13.52758,,,,,40,3,3,517,11,568,1212,568,,,,
2021-03-10,39,82035,Ficarazzi,38.089272,13.46891,,,,,58,10,10,503,4,565,1179,565,,,,
2021-03-10,39,82023,Casteldaccia,38.05373,13.52967,,,,,38,7,7,303,14,355,728,355,,,,
2021-03-10,39,82004,Altavilla Milicia,38.0421,13.54901,,,,,84,12,12,248,6,338,615,338,,,,
2021-03-11,39,82006,Bagheria,38.078918,13.512365,,,,,137,-6,1,1893,85,2115,4206,2115,,,,
2021-03-11,39,82067,Santa Flavia,38.08246,13.52758,,,,,46,6,6,517,11,574,1223,574,,,,
2021-03-11,39,82035,Ficarazzi,38.089272,13.46891,,,,,60,2,2,503,4,567,1182,567,,,,
2021-03-11,39,82023,Casteldaccia,38.05373,13.52967,,,,,44,6,6,303,14,361,731,361,,,,
2021-03-11,39,82004,Altavilla Milicia,38.0421,13.54901,,,,,88,4,6,250,6,344,629,344,,,,
2021-03-13,39,82006,Bagheria,38.078918,13.512365,,,,,158,21,21,1893,85,2136,4246,2136,,,,
2021-03-13,39,82067,Santa Flavia,38.08246,13.52758,,,,,57,11,12,518,11,586,1232,586,,,,
2021-03-13,39,82035,Ficarazzi,38.089272,13.46891,,,,,61,1,2,504,4,569,1195,569,,,,
2021-03-13,39,82023,Casteldaccia,38.05373,13.52967,,,,,43,-1,1,304,15,362,735,362,,,,
2021-03-13,39,82004,Altavilla Milicia,38.0421,13.54901,,,,,90,2,5,253,6,349,644,349,,,,
2021-03-15,39,82006,Bagheria,38.078918,13.512365,,,,,174,16,17,1894,85,2153,4257,2153,,,,
2021-03-15,39,82067,Santa Flavia,38.08246,13.52758,,,,,59,2,2,518,11,588,1232,588,,,,
2021-03-15,39,82035,Ficarazzi,38.089272,13.46891,,,,,67,6,9,507,4,578,1200,578,,,,
2021-03-15,39,82023,Casteldaccia,38.05373,13.52967,,,,,44,1,1,304,15,363,738,363,,,,
2021-03-15,39,82004,Altavilla Milicia,38.0421,13.54901,,,,,91,1,3,255,6,352,660,352,,,,
2021-03-16,39,82006,Bagheria,38.078918,13.512365,,,,,181,7,8,1895,85,2161,4276,2161,,,,
2021-03-16,39,82067,Santa Flavia,38.08246,13.52758,,,,,59,0,0,518,11,588,1252,588,,,,
2021-03-16,39,82035,Ficarazzi,38.089272,13.46891,,,,,67,0,0,507,4,578,1206,578,,,,
2021-03-16,39,82023,Casteldaccia,38.05373,13.52967,,,,,45,1,2,305,15,365,741,365,,,,
2021-03-16,39,82004,Altavilla Milicia,38.0421,13.54901,,,,,94,3,7,259,6,359,663,359,,,,
2021-03-17,39,82006,Bagheria,38.078918,13.512365,,,,,174,-7,9,1911,85,2170,4284,2170,,,,
2021-03-17,39,82067,Santa Flavia,38.08246,13.52758,,,,,72,13,14,519,11,602,1258,602,,,,
2021-03-17,39,82035,Ficarazzi,38.089272,13.46891,,,,,68,1,2,508,4,580,1215,580,,,,
2021-03-17,39,82023,Casteldaccia,38.05373,13.52967,,,,,30,-15,1,321,15,366,744,366,,,,
2021-03-17,39,82004,Altavilla Milicia,38.0421,13.54901,,,,,93,-1,0,260,6,359,663,359,,,,
2021-03-20,39,82006,Bagheria,38.078918,13.512365,,,,,198,24,26,1913,85,2196,4336,2196,,,,
2021-03-20,39,82067,Santa Flavia,38.08246,13.52758,,,,,89,17,17,519,11,619,1281,619,,,,
2021-03-20,39,82035,Ficarazzi,38.089272,13.46891,,,,,65,-3,7,518,4,587,1235,587,,,,
2021-03-20,39,82023,Casteldaccia,38.05373,13.52967,,,,,35,5,7,323,15,373,752,373,,,,
2021-03-20,39,82004,Altavilla Milicia,38.0421,13.54901,,,,,88,-5,2,266,7,361,690,361,,,,
2021-03-22,39,82006,Bagheria,38.078918,13.512365,,,,,201,3,3,1913,85,2199,4357,2199,,,,
2021-03-22,39,82067,Santa Flavia,38.08246,13.52758,,,,,89,0,0,519,11,619,1297,619,,,,
2021-03-22,39,82035,Ficarazzi,38.089272,13.46891,,,,,65,0,0,518,4,587,1239,587,,,,
2021-03-22,39,82023,Casteldaccia,38.05373,13.52967,,,,,35,0,0,323,15,373,753,373,,,,
2021-03-22,39,82004,Altavilla Milicia,38.0421,13.54901,,,,,90,2,3,267,7,364,695,364,,,,
2021-03-24,39,82006,Bagheria,38.078918,13.512365,,,,,226,25,33,1921,85,2232,4419,2232,,,,
2021-03-24,39,82067,Santa Flavia,38.08246,13.52758,,,,,79,-10,5,534,11,624,1311,624,,,,
2021-03-24,39,82035,Ficarazzi,38.089272,13.46891,,,,,75,10,14,522,4,601,1250,601,,,,
2021-03-24,39,82023,Casteldaccia,38.05373,13.52967,,,,,32,-3,2,328,15,375,771,375,,,,
2021-03-24,39,82004,Altavilla Milicia,38.0421,13.54901,,,,,90,0,4,271,7,368,722,368,,,,
2021-03-28T12:30:57.533Z,39,82006,Bagheria,38.078918,13.512365,,,16,228,244,18,24,1927,85,2256,4443,2256,,,,
2021-03-28T12:30:57.533Z,39,82067,Santa Flavia,38.08246,13.52758,,,2,90,92,13,17,537,12,641,1327,641,,,,
2021-03-28T12:30:57.533Z,39,82035,Ficarazzi,38.089272,13.46891,,,9,68,77,2,2,522,4,603,1259,603,,,,
2021-03-28T12:30:57.533Z,39,82023,Casteldaccia,38.05373,13.52967,,,4,38,42,10,12,330,15,387,788,387,,,,
2021-03-28T12:30:57.533Z,39,82004,Altavilla Milicia,38.0421,13.54901,,,5,83,88,-2,6,277,9,374,756,374,,,,
2021-03-29T18:00:00,39,82006,Bagheria,38.078918,13.512365,,,16,228,244,0,16,1943,85,2272,4511,2272,,,,
2021-03-29T18:00:00,39,82067,Santa Flavia,38.08246,13.52758,,,2,86,88,-4,5,546,12,646,1355,646,Corretto conteggio tamponi giornalieri con date_tamponi dal db al giorno precedente,,,
2021-03-29T18:00:00,39,82035,Ficarazzi,38.089272,13.46891,,,9,70,79,2,10,530,4,613,1281,613,Corretto conteggio tamponi giornalieri con date_tamponi dal db al giorno precedente,,,
2021-03-29T18:00:00,39,82023,Casteldaccia,38.05373,13.52967,,,4,37,41,-1,9,340,15,396,799,396,Corretto conteggio tamponi giornalieri con date_tamponi dal db al giorno precedente,,,
2021-03-29T18:00:00,39,82004,Altavilla Milicia,38.0421,13.54901,,,3,67,70,-18,0,295,9,374,764,374,Corretto conteggio tamponi giornalieri con date_tamponi dal db al giorno precedente,,,
2021-03-30T18:27:06.198Z,39,82006,Bagheria,38.078918,13.512365,,,14,182,196,-48,6,1997,85,2278,4531,2278,Corretto conteggio tamponi giornalieri con date_tamponi dal db al giorno precedente,,,
2021-03-30T18:27:06.198Z,39,82067,Santa Flavia,38.08246,13.52758,,,2,86,88,0,5,551,12,651,1362,651,,,,
2021-03-30T18:27:06.198Z,39,82035,Ficarazzi,38.089272,13.46891,,,9,73,82,3,3,530,4,616,1287,616,,,,
2021-03-30T18:27:06.198Z,39,82023,Casteldaccia,38.05373,13.52967,,,4,36,40,-1,0,341,15,396,800,396,,,,
2021-03-30T18:27:06.198Z,39,82004,Altavilla Milicia,38.0421,13.54901,,,3,66,69,-1,0,296,9,374,764,374,,,,Rettificato numero totale_casi per via del doppio inserimento dello stesso paziente a causa di un errore di battitura
2021-03-31T20:25:42.730Z,39,82006,Bagheria,38.078918,13.512365,,,15,184,199,3,14,2008,85,2292,4551,2292,,,,
2021-03-31T20:25:42.730Z,39,82067,Santa Flavia,38.08246,13.52758,,,2,89,91,3,4,552,12,655,1375,655,,,,
2021-03-31T20:25:42.730Z,39,82035,Ficarazzi,38.089272,13.46891,,,9,76,85,3,4,531,4,620,1295,620,,,,
2021-03-31T20:25:42.730Z,39,82023,Casteldaccia,38.05373,13.52967,,,4,34,38,-2,0,343,15,396,802,396,,,,
2021-03-31T20:25:42.730Z,39,82004,Altavilla Milicia,38.0421,13.54901,,,3,71,74,5,10,301,9,384,777,384,,,,
2021-04-01T19:16:15.887Z,39,82006,Bagheria,38.078918,13.512365,,,14,175,189,-10,8,2026,85,2300,4564,2300,,,,
2021-04-01T19:16:15.887Z,39,82067,Santa Flavia,38.08246,13.52758,,,2,87,89,-2,0,554,12,655,1377,655,,,,
2021-04-01T19:16:15.887Z,39,82035,Ficarazzi,38.089272,13.46891,,,9,74,83,-2,4,537,4,624,1301,624,,,,
2021-04-01T19:16:15.887Z,39,82023,Casteldaccia,38.05373,13.52967,,,4,34,38,0,4,347,15,400,811,400,,,,
2021-04-01T19:16:15.887Z,39,82004,Altavilla Milicia,38.0421,13.54901,,,3,69,72,-2,0,303,9,384,780,384,,,,
2021-04-02T16:37:05.850Z,39,82006,Bagheria,38.078918,13.512365,,,14,191,205,16,19,2029,85,2319,4601,2319,,,,
2021-04-02T16:37:05.850Z,39,82067,Santa Flavia,38.08246,13.52758,,,2,92,94,5,5,554,12,660,1386,660,,,,
2021-04-02T16:37:05.850Z,39,82035,Ficarazzi,38.089272,13.46891,,,9,82,91,8,8,537,4,632,1312,632,,,,
2021-04-02T16:37:05.850Z,39,82023,Casteldaccia,38.05373,13.52967,,,4,34,38,0,1,348,15,401,813,401,,,,
2021-04-02T16:37:05.850Z,39,82004,Altavilla Milicia,38.0421,13.54901,,,3,70,73,1,1,303,9,385,782,385,,,,
2021-04-03T12:36:13.858Z,39,82006,Bagheria,38.078918,13.512365,,,14,202,216,11,14,2032,85,2333,4627,2333,,,,
2021-04-03T12:36:13.858Z,39,82067,Santa Flavia,38.08246,13.52758,,,2,91,93,-1,0,555,12,660,1391,660,,,,
2021-04-03T12:36:13.858Z,39,82035,Ficarazzi,38.089272,13.46891,,,9,82,91,0,1,538,4,633,1314,633,,,,
2021-04-03T12:36:13.858Z,39,82023,Casteldaccia,38.05373,13.52967,,,4,35,39,1,1,348,15,402,818,402,,,,
2021-04-03T12:36:13.858Z,39,82004,Altavilla Milicia,38.0421,13.54901,,,3,70,73,0,0,303,9,385,793,385,,,,
2021-04-04T18:50:49.677Z,39,82006,Bagheria,38.078918,13.512365,,,14,201,215,-1,0,2033,85,2333,4627,2333,,,,
2021-04-04T18:50:49.677Z,39,82067,Santa Flavia,38.08246,13.52758,,,2,87,89,-4,0,559,12,660,1391,660,,,,
2021-04-04T18:50:49.677Z,39,82035,Ficarazzi,38.089272,13.46891,,,9,82,91,0,0,538,4,633,1314,633,,,,
2021-04-04T18:50:49.677Z,39,82023,Casteldaccia,38.05373,13.52967,,,4,31,35,-4,0,352,15,402,818,402,,,,
2021-04-04T18:50:49.677Z,39,82004,Altavilla Milicia,38.0421,13.54901,,,2,69,71,-2,0,304,10,385,793,385,,,,
2021-04-05T15:23:21.836Z,39,82006,Bagheria,38.078918,13.512365,,,14,201,215,0,0,2033,85,2333,4627,2333,,,,
2021-04-05T15:23:21.836Z,39,82067,Santa Flavia,38.08246,13.52758,,,2,87,89,0,0,559,12,660,1391,660,,,,
2021-04-05T15:23:21.836Z,39,82035,Ficarazzi,38.089272,13.46891,,,9,82,91,0,0,538,4,633,1314,633,,,,
2021-04-05T15:23:21.836Z,39,82023,Casteldaccia,38.05373,13.52967,,,4,31,35,0,0,352,15,402,818,402,,,,
2021-04-05T15:23:21.836Z,39,82004,Altavilla Milicia,38.0421,13.54901,,,2,69,71,0,0,304,10,385,793,385,,,,
2021-04-06T18:55:58.206Z,39,82006,Bagheria,38.078918,13.512365,,,15,206,221,6,14,2041,85,2347,4665,2347,,,,
2021-04-06T18:55:58.206Z,39,82067,Santa Flavia,38.08246,13.52758,,,2,92,94,5,7,561,12,667,1417,667,,,,
2021-04-06T18:55:58.206Z,39,82035,Ficarazzi,38.089272,13.46891,,,10,85,95,4,5,539,4,638,1326,638,,,,
2021-04-06T18:55:58.206Z,39,82023,Casteldaccia,38.05373,13.52967,,,4,31,35,0,4,356,15,406,834,406,,,,
2021-04-06T18:55:58.206Z,39,82004,Altavilla Milicia,38.0421,13.54901,,,2,56,58,-13,1,318,10,386,796,386,,,,
2021-04-07T21:34:00.408Z,39,82006,Bagheria,38.078918,13.512365,,,15,225,240,19,23,2045,85,2370,4704,2370,,,,
2021-04-07T21:34:00.408Z,39,82067,Santa Flavia,38.08246,13.52758,,,2,89,91,-3,0,564,12,667,1422,667,,,,
2021-04-07T21:34:00.408Z,39,82035,Ficarazzi,38.089272,13.46891,,,10,85,95,0,2,541,4,640,1338,640,,,,
2021-04-07T21:34:00.408Z,39,82023,Casteldaccia,38.05373,13.52967,,,4,27,31,-4,0,360,15,406,837,406,,,,
2021-04-07T21:34:00.408Z,39,82004,Altavilla Milicia,38.0421,13.54901,,,2,55,57,-1,1,320,10,387,801,387,,,,
2021-04-08T20:01:15.792Z,39,82006,Bagheria,38.078918,13.512365,,,15,216,231,-9,11,2064,86,2381,4734,2381,,,,
2021-04-08T20:01:15.792Z,39,82067,Santa Flavia,38.08246,13.52758,,,2,86,88,-3,1,568,12,668,1432,668,,,,
2021-04-08T20:01:15.792Z,39,82035,Ficarazzi,38.089272,13.46891,,,10,87,97,2,5,544,4,645,1349,645,,,,
2021-04-08T20:01:15.792Z,39,82023,Casteldaccia,38.05373,13.52967,,,4,24,28,-3,0,363,15,406,837,406,,,,
2021-04-08T20:01:15.792Z,39,82004,Altavilla Milicia,38.0421,13.54901,,,2,55,57,0,4,323,11,391,810,391,,,,
2021-04-09T18:51:06.205Z,39,82006,Bagheria,38.078918,13.512365,,,6,228,234,3,23,2064,106,2404,4767,2404,,,,
2021-04-09T18:51:06.205Z,39,82067,Santa Flavia,38.08246,13.52758,,,2,75,77,-11,2,580,13,670,1441,670,,,,
2021-04-09T18:51:06.205Z,39,82035,Ficarazzi,38.089272,13.46891,,,10,80,90,-7,13,564,4,658,1368,658,,,,
2021-04-09T18:51:06.205Z,39,82023,Casteldaccia,38.05373,13.52967,,,4,28,32,4,5,364,15,411,845,411,,,,
2021-04-09T18:51:06.205Z,39,82004,Altavilla Milicia,38.0421,13.54901,,,2,51,53,-4,0,327,11,391,813,391,,,,
2021-04-10T00:23:13.924Z,39,82006,Bagheria,38.078918,13.512365,,,6,219,225,-9,0,2073,106,2404,4769,2404,,,,
2021-04-10T00:23:13.924Z,39,82067,Santa Flavia,38.08246,13.52758,,,2,72,74,-3,0,583,13,670,1441,670,,,,
2021-04-10T00:23:13.924Z,39,82035,Ficarazzi,38.089272,13.46891,,,10,80,90,0,0,564,4,658,1368,658,,,,
2021-04-10T00:23:13.924Z,39,82023,Casteldaccia,38.05373,13.52967,,,4,27,31,-1,0,365,15,411,845,411,,,,
2021-04-10T00:23:13.924Z,39,82004,Altavilla Milicia,38.0421,13.54901,,,2,48,50,-3,1,331,11,392,814,392,,,,
2021-04-11T18:16:43.703Z,39,82006,Bagheria,38.078918,13.512365,,,6,219,225,0,4,2077,106,2408,4792,2408,,,,
2021-04-11T18:16:43.703Z,39,82067,Santa Flavia,38.08246,13.52758,,,2,77,79,5,5,583,13,675,1446,675,,,,
2021-04-11T18:16:43.703Z,39,82035,Ficarazzi,38.089272,13.46891,,,10,82,92,2,4,566,4,662,1381,662,,,,
2021-04-11T18:16:43.703Z,39,82023,Casteldaccia,38.05373,13.52967,,,4,27,31,0,0,365,15,411,847,411,,,,
2021-04-11T18:16:43.703Z,39,82004,Altavilla Milicia,38.0421,13.54901,,,2,49,51,1,2,332,11,394,821,394,,,,
2021-04-12T19:34:44.154Z,39,82006,Bagheria,38.078918,13.512365,,,5,242,247,22,28,2083,106,2436,4854,2436,,,,
2021-04-12T19:34:44.154Z,39,82067,Santa Flavia,38.08246,13.52758,,,2,80,82,3,10,590,13,685,1465,685,,,,
2021-04-12T19:34:44.154Z,39,82035,Ficarazzi,38.089272,13.46891,,,10,88,98,6,6,566,4,668,1392,668,,,,
2021-04-12T19:34:44.154Z,39,82023,Casteldaccia,38.05373,13.52967,,,4,29,33,2,4,367,15,415,855,415,,,,
2021-04-12T19:34:44.154Z,39,82004,Altavilla Milicia,38.0421,13.54901,,,2,49,51,0,1,333,11,395,833,395,,,,
2021-04-13T18:23:10.113Z,39,82006,Bagheria,38.078918,13.512365,,,6,232,238,-9,12,2104,106,2448,4876,2448,,,,
2021-04-13T18:23:10.113Z,39,82067,Santa Flavia,38.08246,13.52758,,,2,75,77,-5,4,598,14,689,1473,689,,,,
2021-04-13T18:23:10.113Z,39,82035,Ficarazzi,38.089272,13.46891,,,10,81,91,-7,0,573,4,668,1395,668,,,,
2021-04-13T18:23:10.113Z,39,82023,Casteldaccia,38.05373,13.52967,,,4,31,35,2,3,367,16,418,859,418,,,,
2021-04-13T18:23:10.113Z,39,82004,Altavilla Milicia,38.0421,13.54901,,,2,44,46,-5,1,339,11,396,836,396,,,,
2021-04-14,39,82006,Bagheria,38.078918,13.512365,,,6,232,238,0,0,2104,106,2448,4876,2448,,,,
2021-04-14,39,82067,Santa Flavia,38.08246,13.52758,,,2,75,77,0,0,598,14,689,1473,689,,,,
2021-04-14,39,82035,Ficarazzi,38.089272,13.46891,,,10,81,91,0,0,573,4,668,1395,668,,,,
2021-04-14,39,82023,Casteldaccia,38.05373,13.52967,,,4,31,35,0,0,367,16,418,859,418,,,,
2021-04-14,39,82004,Altavilla Milicia,38.0421,13.54901,,,2,44,46,0,0,339,11,396,836,396,,,,
2021-04-15,39,82006,Bagheria,38.078918,13.512365,,,7,285,292,54,65,2115,106,2513,4974,2513,,,,
2021-04-15,39,82067,Santa Flavia,38.08246,13.52758,,,2,75,77,0,7,605,14,696,1497,696,,,,
2021-04-15,39,82035,Ficarazzi,38.089272,13.46891,,,10,76,86,-5,3,581,4,671,1403,671,,,,
2021-04-15,39,82023,Casteldaccia,38.05373,13.52967,,,4,37,41,6,9,370,16,427,874,427,,,,
2021-04-15,39,82004,Altavilla Milicia,38.0421,13.54901,,,3,46,49,3,5,341,11,401,848,401,,,,
2021-04-16,39,82006,Bagheria,38.078918,13.512365,,,7,281,288,-4,7,2126,106,2520,4982,2520,,,,
2021-04-16,39,82067,Santa Flavia,38.08246,13.52758,,,2,69,71,-6,0,611,14,696,1497,696,,,,
2021-04-16,39,82035,Ficarazzi,38.089272,13.46891,,,8,60,68,-18,0,599,4,671,1407,671,,,,
2021-04-16,39,82023,Casteldaccia,38.05373,13.52967,,,4,34,38,-3,0,373,16,427,874,427,,,,
2021-04-16,39,82004,Altavilla Milicia,38.0421,13.54901,,,3,46,49,0,0,341,11,401,848,401,,,,
2021-04-17,39,82006,Bagheria,38.078918,13.512365,,,7,278,285,-3,0,2129,106,2520,4982,2520,,,,
2021-04-17,39,82067,Santa Flavia,38.08246,13.52758,,,2,67,69,-2,0,613,14,696,1497,696,,,,
2021-04-17,39,82035,Ficarazzi,38.089272,13.46891,,,8,60,68,0,0,599,4,671,1407,671,,,,
2021-04-17,39,82023,Casteldaccia,38.05373,13.52967,,,4,34,38,0,0,373,16,427,875,427,,,,
2021-04-17,39,82004,Altavilla Milicia,38.0421,13.54901,,,3,44,47,-2,0,343,11,401,848,401,,,,
2021-04-18,39,82006,Bagheria,38.078918,13.512365,,,7,286,293,8,10,2131,106,2530,5018,2530,,,,
2021-04-18,39,82067,Santa Flavia,38.08246,13.52758,,,2,66,68,-1,0,614,14,696,1498,696,,,,
2021-04-18,39,82035,Ficarazzi,38.089272,13.46891,,,8,59,67,-1,1,601,4,672,1415,672,,,,
2021-04-18,39,82023,Casteldaccia,38.05373,13.52967,,,4,32,36,-2,0,375,16,427,877,427,,,,
2021-04-18,39,82004,Altavilla Milicia,38.0421,13.54901,,,3,39,42,-5,0,348,11,401,853,401,,,,
2021-04-19,39,82006,Bagheria,38.078918,13.512365,,,10,372,382,89,95,2137,106,2625,5138,2625,,,,
2021-04-19,39,82067,Santa Flavia,38.08246,13.52758,,,4,63,67,-1,11,625,15,707,1512,707,,,,
2021-04-19,39,82035,Ficarazzi,38.089272,13.46891,,,9,58,67,0,6,607,4,678,1433,678,,,,
2021-04-19,39,82023,Casteldaccia,38.05373,13.52967,,,4,56,60,24,25,376,16,452,906,452,,,,
2021-04-19,39,82004,Altavilla Milicia,38.0421,13.54901,,,3,46,49,7,10,351,11,411,866,411,,,,
2021-04-20,39,82006,Bagheria,38.078918,13.512365,,,10,378,388,6,9,2140,106,2634,5166,2634,,,,
2021-04-20,39,82067,Santa Flavia,38.08246,13.52758,,,4,63,67,0,0,625,15,707,1524,707,,,,
2021-04-20,39,82035,Ficarazzi,38.089272,13.46891,,,9,58,67,0,3,610,4,681,1449,681,,,,
2021-04-20,39,82023,Casteldaccia,38.05373,13.52967,,,4,55,59,-1,0,377,16,452,912,452,,,,
2021-04-20,39,82004,Altavilla Milicia,38.0421,13.54901,,,3,46,49,0,2,353,11,413,872,413,,,,
2021-04-21,39,82006,Bagheria,38.078918,13.512365,,,11,394,405,17,25,2148,106,2659,5214,2659,,,,
2021-04-21,39,82067,Santa Flavia,38.08246,13.52758,,,4,55,59,-8,1,634,15,708,1535,708,,,,
2021-04-21,39,82035,Ficarazzi,38.089272,13.46891,,,9,61,70,3,8,615,4,689,1461,689,,,,
2021-04-21,39,82023,Casteldaccia,38.05373,13.52967,,,4,55,59,0,0,377,16,452,912,452,,,,
2021-04-21,39,82004,Altavilla Milicia,38.0421,13.54901,,,3,46,49,0,3,356,11,416,877,416,,,,
2021-04-22,39,82006,Bagheria,38.078918,13.512365,,,11,393,404,-1,14,2163,106,2673,5248,2673,,,,
2021-04-22,39,82067,Santa Flavia,38.08246,13.52758,,,4,54,58,-1,1,636,15,709,1536,709,,,,
2021-04-22,39,82035,Ficarazzi,38.089272,13.46891,,,9,70,79,9,13,619,4,702,1480,702,,,,
2021-04-22,39,82023,Casteldaccia,38.05373,13.52967,,,5,55,60,1,4,380,16,456,920,456,,,,
2021-04-22,39,82004,Altavilla Milicia,38.0421,13.54901,,,3,48,51,2,4,358,11,420,888,420,,,,
2021-04-23,39,82006,Bagheria,38.078918,13.512365,,,11,407,418,14,34,2183,106,2707,5295,2707,,,,
2021-04-23,39,82067,Santa Flavia,38.08246,13.52758,,,4,55,59,1,6,640,16,715,1546,715,,,,
2021-04-23,39,82035,Ficarazzi,38.089272,13.46891,,,7,55,62,-17,2,636,6,704,1486,704,,,,
2021-04-23,39,82023,Casteldaccia,38.05373,13.52967,,,5,70,75,15,16,381,16,472,936,472,,,,
2021-04-23,39,82004,Altavilla Milicia,38.0421,13.54901,,,3,48,51,0,2,360,11,422,890,422,,,,
2021-04-24,39,82006,Bagheria,38.078918,13.512365,,,11,405,416,-2,3,2188,106,2710,5312,2710,,,,
2021-04-24,39,82067,Santa Flavia,38.08246,13.52758,,,4,55,59,0,0,640,16,715,1549,715,,,,
2021-04-24,39,82035,Ficarazzi,38.089272,13.46891,,,7,54,61,-1,1,638,6,705,1488,705,,,,
2021-04-24,39,82023,Casteldaccia,38.05373,13.52967,,,5,70,75,0,0,381,16,472,936,472,,,,
2021-04-24,39,82004,Altavilla Milicia,38.0421,13.54901,,,3,49,52,1,1,360,11,423,892,423,,,,
2021-04-25,39,82006,Bagheria,38.078918,13.512365,,,11,405,416,0,2,2190,106,2712,5344,2712,,,,
2021-04-25,39,82067,Santa Flavia,38.08246,13.52758,,,4,54,58,-1,0,641,16,715,1551,715,,,,
2021-04-25,39,82035,Ficarazzi,38.089272,13.46891,,,7,54,61,0,0,638,6,705,1489,705,,,,
2021-04-25,39,82023,Casteldaccia,38.05373,13.52967,,,5,71,76,1,2,382,16,474,944,474,,,,
2021-04-25,39,82004,Altavilla Milicia,38.0421,13.54901,,,3,49,52,0,0,360,11,423,892,423,,,,
2021-04-26,39,82006,Bagheria,38.078918,13.512365,,,11,435,446,30,37,2197,106,2749,5432,2749,,,,
2021-04-26,39,82067,Santa Flavia,38.08246,13.52758,,,3,55,58,0,1,641,17,716,1556,716,,,,
2021-04-26,39,82035,Ficarazzi,38.089272,13.46891,,,7,57,64,3,5,640,6,710,1505,710,,,,
2021-04-26,39,82023,Casteldaccia,38.05373,13.52967,,,6,74,80,4,5,382,17,479,955,479,,,,
2021-04-26,39,82004,Altavilla Milicia,38.0421,13.54901,,,3,54,57,5,5,360,11,428,898,428,,,,
2021-04-27,39,82006,Bagheria,38.078918,13.512365,,,13,434,447,1,14,2210,106,2763,5478,2763,,,,
2021-04-27,39,82067,Santa Flavia,38.08246,13.52758,,,3,56,59,1,2,642,17,718,1558,718,,,,
2021-04-27,39,82035,Ficarazzi,38.089272,13.46891,,,4,57,61,-3,2,642,9,712,1513,712,,,,
2021-04-27,39,82023,Casteldaccia,38.05373,13.52967,,,4,80,84,4,5,382,18,484,962,484,,,,
2021-04-27,39,82004,Altavilla Milicia,38.0421,13.54901,,,3,54,57,0,3,363,11,431,901,431,,,,
2021-04-28,39,82006,Bagheria,38.078918,13.512365,,,12,451,463,16,32,2226,106,2795,5551,2795,,,,
2021-04-28,39,82067,Santa Flavia,38.08246,13.52758,,,3,57,60,1,2,643,17,720,1563,720,,,,
2021-04-28,39,82035,Ficarazzi,38.089272,13.46891,,,4,55,59,-2,1,645,9,713,1517,713,,,,
2021-04-28,39,82023,Casteldaccia,38.05373,13.52967,,,4,80,84,0,0,382,18,484,967,484,,,,
2021-04-28,39,82004,Altavilla Milicia,38.0421,13.54901,,,3,54,57,0,0,363,11,431,905,431,,,,
2021-04-29,39,82006,Bagheria,38.078918,13.512365,,,12,441,453,-10,13,2249,106,2808,5596,2808,,,,
2021-04-29,39,82067,Santa Flavia,38.08246,13.52758,,,3,58,61,1,5,647,17,725,1581,725,,,,
2021-04-29,39,82035,Ficarazzi,38.089272,13.46891,,,4,55,59,0,1,646,9,714,1518,714,,,,
2021-04-29,39,82023,Casteldaccia,38.05373,13.52967,,,4,79,83,-1,0,383,18,484,977,484,,,,
2021-04-29,39,82004,Altavilla Milicia,38.0421,13.54901,,,3,56,59,2,3,364,11,434,915,434,,,,
2021-04-30,39,82006,Bagheria,38.078918,13.512365,,,12,438,450,-3,4,2256,106,2812,5621,2812,,,,
2021-04-30,39,82067,Santa Flavia,38.08246,13.52758,,,3,53,56,-5,0,652,17,725,1585,725,,,,
2021-04-30,39,82035,Ficarazzi,38.089272,13.46891,,,4,57,61,2,4,648,9,718,1532,718,,,,
2021-04-30,39,82023,Casteldaccia,38.05373,13.52967,,,5,101,106,23,23,383,18,507,1003,507,,,,
2021-04-30,39,82004,Altavilla Milicia,38.0421,13.54901,,,3,54,57,-2,0,365,12,434,916,434,,,,
2021-05-01,39,82006,Bagheria,38.078918,13.512365,,,12,438,450,0,5,2261,106,2817,5661,2817,,,,
2021-05-01,39,82067,Santa Flavia,38.08246,13.52758,,,3,53,56,0,3,655,17,728,1590,728,,,,
2021-05-01,39,82035,Ficarazzi,38.089272,13.46891,,,4,62,66,5,6,649,9,724,1546,724,,,,
2021-05-01,39,82023,Casteldaccia,38.05373,13.52967,,,5,100,105,-1,0,384,18,507,1009,507,,,,
2021-05-01,39,82004,Altavilla Milicia,38.0421,13.54901,,,3,56,59,2,2,365,12,436,922,436,,,,
2021-05-02,39,82006,Bagheria,38.078918,13.512365,,,12,447,459,9,25,2277,106,2842,5687,2842,,,,
2021-05-02,39,82067,Santa Flavia,38.08246,13.52758,,,3,58,61,5,6,656,17,734,1596,734,,,,
2021-05-02,39,82035,Ficarazzi,38.089272,13.46891,,,4,66,70,4,4,649,9,728,1551,728,,,,
2021-05-02,39,82023,Casteldaccia,38.05373,13.52967,,,5,106,111,6,6,384,18,513,1015,513,,,,
2021-05-02,39,82004,Altavilla Milicia,38.0421,13.54901,,,3,57,60,1,1,365,12,437,923,437,,,,
2021-05-03,39,82006,Bagheria,38.078918,13.512365,,,12,435,447,-12,7,2296,106,2849,5733,2849,,,,
2021-05-03,39,82067,Santa Flavia,38.08246,13.52758,,,3,53,56,-5,1,662,17,735,1606,735,,,,
2021-05-03,39,82035,Ficarazzi,38.089272,13.46891,,,4,63,67,-3,0,652,9,728,1561,728,,,,
2021-05-03,39,82023,Casteldaccia,38.05373,13.52967,,,5,107,112,1,4,386,19,517,1031,517,,,,
2021-05-03,39,82004,Altavilla Milicia,38.0421,13.54901,,,3,56,59,-1,0,366,12,437,928,437,,,,
2021-05-04,39,82006,Bagheria,38.078918,13.512365,,,12,414,426,-21,2,2319,106,2851,5778,2851,,,,
2021-05-04,39,82067,Santa Flavia,38.08246,13.52758,,,3,49,52,-4,0,666,17,735,1607,735,,,,
2021-05-04,39,82035,Ficarazzi,38.089272,13.46891,,,4,55,59,-8,3,663,9,731,1564,731,,,,
2021-05-04,39,82023,Casteldaccia,38.05373,13.52967,,,5,109,114,2,3,387,19,520,1041,520,,,,
2021-05-04,39,82004,Altavilla Milicia,38.0421,13.54901,,,3,54,57,-2,0,368,12,437,929,437,,,,
2021-05-05,39,82006,Bagheria,38.078918,13.512365,,,12,403,415,-11,4,2334,106,2855,5809,2855,,,,
2021-05-05,39,82067,Santa Flavia,38.08246,13.52758,,,3,44,47,-5,0,671,17,735,1609,735,,,,
2021-05-05,39,82035,Ficarazzi,38.089272,13.46891,,,4,54,58,-1,0,664,9,731,1565,731,,,,
2021-05-05,39,82023,Casteldaccia,38.05373,13.52967,,,5,107,112,-2,2,391,19,522,1045,522,,,,
2021-05-05,39,82004,Altavilla Milicia,38.0421,13.54901,,,3,51,54,-3,1,372,12,438,934,438,,,,
2021-05-06,39,82006,Bagheria,38.078918,13.512365,,,11,400,411,-4,8,2346,106,2863,5842,2863,,,,
2021-05-06,39,82067,Santa Flavia,38.08246,13.52758,,,3,44,47,0,0,671,17,735,1609,735,,,,
2021-05-06,39,82035,Ficarazzi,38.089272,13.46891,,,4,55,59,1,3,666,9,734,1577,734,,,,
2021-05-06,39,82023,Casteldaccia,38.05373,13.52967,,,5,105,110,-2,1,394,19,523,1056,523,,,,
2021-05-06,39,82004,Altavilla Milicia,38.0421,13.54901,,,1,51,52,-2,0,374,12,438,939,438,,,,
2021-05-07,39,82006,Bagheria,38.078918,13.512365,,,11,400,411,0,0,2346,106,2863,5842,2863,,,,
2021-05-07,39,82067,Santa Flavia,38.08246,13.52758,,,3,44,47,0,0,671,17,735,1609,735,,,,
2021-05-07,39,82035,Ficarazzi,38.089272,13.46891,,,4,55,59,0,0,666,9,734,1577,734,,,,
2021-05-07,39,82023,Casteldaccia,38.05373,13.52967,,,5,105,110,0,0,394,19,523,1056,523,,,,
2021-05-07,39,82004,Altavilla Milicia,38.0421,13.54901,,,1,51,52,0,0,374,12,438,939,438,,,,
2021-05-08,39,82006,Bagheria,38.078918,13.512365,,,11,377,388,-23,5,2374,106,2868,5888,2868,,,,
2021-05-08,39,82067,Santa Flavia,38.08246,13.52758,,,3,40,43,-4,0,675,17,735,1618,735,,,,
2021-05-08,39,82035,Ficarazzi,38.089272,13.46891,,,4,49,53,-6,3,675,9,737,1582,737,,,,
2021-05-08,39,82023,Casteldaccia,38.05373,13.52967,,,5,96,101,-9,1,404,19,524,1071,524,,,,
2021-05-08,39,82004,Altavilla Milicia,38.0421,13.54901,,,1,45,46,-6,0,380,12,438,943,438,,,,
2021-05-09,39,82006,Bagheria,38.078918,13.512365,,,10,373,383,-5,3,2382,106,2871,5948,2871,,,,
2021-05-09,39,82067,Santa Flavia,38.08246,13.52758,,,3,43,46,3,4,676,17,739,1623,739,,,,
2021-05-09,39,82035,Ficarazzi,38.089272,13.46891,,,4,50,54,1,2,676,9,739,1587,739,,,,
2021-05-09,39,82023,Casteldaccia,38.05373,13.52967,,,5,99,104,3,7,408,19,531,1098,531,,,,
2021-05-09,39,82004,Altavilla Milicia,38.0421,13.54901,,,1,46,47,1,2,381,12,440,949,440,,,,
2021-05-10,39,82006,Bagheria,38.078918,13.512365,,,10,329,339,-44,9,2435,106,2880,5984,2880,,,,
2021-05-10,39,82067,Santa Flavia,38.08246,13.52758,,,3,48,51,5,6,677,17,745,1636,745,,,,
2021-05-10,39,82035,Ficarazzi,38.089272,13.46891,,,4,44,48,-6,1,683,9,740,1598,740,,,,
2021-05-10,39,82023,Casteldaccia,38.05373,13.52967,,,5,95,100,-4,1,412,20,532,1108,532,,,,
2021-05-10,39,82004,Altavilla Milicia,38.0421,13.54901,,,1,43,44,-3,1,385,12,441,953,441,,,,
2021-05-11,39,82006,Bagheria,38.078918,13.512365,,,9,297,306,-33,1,2469,106,2881,6013,2881,,,,
2021-05-11,39,82067,Santa Flavia,38.08246,13.52758,,,3,44,47,-4,2,683,17,747,1645,747,,,,
2021-05-11,39,82035,Ficarazzi,38.089272,13.46891,,,4,39,43,-5,0,688,9,740,1613,740,,,,
2021-05-11,39,82023,Casteldaccia,38.05373,13.52967,,,5,85,90,-10,0,422,20,532,1118,532,,,,
2021-05-11,39,82004,Altavilla Milicia,38.0421,13.54901,,,1,44,45,1,3,387,12,444,957,444,,,,
2021-05-12,39,82006,Bagheria,38.078918,13.512365,,,9,270,279,-27,4,2500,106,2885,6060,2885,,,,
2021-05-12,39,82067,Santa Flavia,38.08246,13.52758,,,3,42,45,-2,0,685,17,747,1646,747,,,,
2021-05-12,39,82035,Ficarazzi,38.089272,13.46891,,,5,33,38,-5,1,694,9,741,1616,741,,,,
2021-05-12,39,82023,Casteldaccia,38.05373,13.52967,,,5,81,86,-4,2,428,20,534,1127,534,,,,
2021-05-12,39,82004,Altavilla Milicia,38.0421,13.54901,,,1,43,44,-1,0,388,12,444,958,444,,,,
2021-05-13,39,82006,Bagheria,38.078918,13.512365,,,9,256,265,-14,0,2514,106,2885,6062,2885,,,,
2021-05-13,39,82067,Santa Flavia,38.08246,13.52758,,,3,42,45,0,0,685,17,747,1646,747,,,,
2021-05-13,39,82035,Ficarazzi,38.089272,13.46891,,,5,33,38,0,0,694,9,741,1616,741,,,,
2021-05-13,39,82023,Casteldaccia,38.05373,13.52967,,,5,80,85,-1,0,429,20,534,1127,534,,,,
2021-05-13,39,82004,Altavilla Milicia,38.0421,13.54901,,,1,43,44,0,0,388,12,444,958,444,,,,
2021-05-14,39,82006,Bagheria,38.078918,13.512365,,,8,227,235,-30,9,2553,106,2894,6094,2894,,,,
2021-05-14,39,82067,Santa Flavia,38.08246,13.52758,,,3,42,45,0,1,686,17,748,1647,748,,,,
2021-05-14,39,82035,Ficarazzi,38.089272,13.46891,,,5,31,36,-2,0,696,9,741,1619,741,,,,
2021-05-14,39,82023,Casteldaccia,38.05373,13.52967,,,5,72,77,-8,1,438,20,535,1135,535,,,,
2021-05-14,39,82004,Altavilla Milicia,38.0421,13.54901,,,1,42,43,-1,1,390,12,445,964,445,,,,
2021-05-15,39,82006,Bagheria,38.078918,13.512365,,,8,224,232,-3,2,2557,107,2896,6109,2896,,,,
2021-05-15,39,82067,Santa Flavia,38.08246,13.52758,,,3,42,45,0,0,686,17,748,1649,748,,,,
2021-05-15,39,82035,Ficarazzi,38.089272,13.46891,,,5,31,36,0,0,696,9,741,1619,741,,,,
2021-05-15,39,82023,Casteldaccia,38.05373,13.52967,,,5,69,74,-3,0,441,20,535,1135,535,,,,
2021-05-15,39,82004,Altavilla Milicia,38.0421,13.54901,,,1,42,43,0,1,391,12,446,966,446,,,,
2021-05-16,39,82006,Bagheria,38.078918,13.512365,,,7,227,234,2,5,2560,107,2901,6126,2901,,,,
2021-05-16,39,82067,Santa Flavia,38.08246,13.52758,,,3,42,45,0,0,686,17,748,1649,748,,,,
2021-05-16,39,82035,Ficarazzi,38.089272,13.46891,,,5,32,37,1,1,696,9,742,1622,742,,,,
2021-05-16,39,82023,Casteldaccia,38.05373,13.52967,,,5,68,73,-1,1,443,20,536,1138,536,,,,
2021-05-16,39,82004,Altavilla Milicia,38.0421,13.54901,,,1,42,43,0,0,391,12,446,966,446,,,,
2021-05-17,39,82006,Bagheria,38.078918,13.512365,,,7,215,222,-12,11,2583,107,2912,6150,2912,,,,
2021-05-17,39,82067,Santa Flavia,38.08246,13.52758,,,3,45,48,3,3,686,17,751,1656,751,,,,
2021-05-17,39,82035,Ficarazzi,38.089272,13.46891,,,5,33,38,1,2,697,9,744,1628,744,,,,
2021-05-17,39,82023,Casteldaccia,38.05373,13.52967,,,4,65,69,-4,1,447,21,537,1139,537,,,,
2021-05-17,39,82004,Altavilla Milicia,38.0421,13.54901,,,1,42,43,0,1,392,12,447,969,447,,,,
2021-05-18,39,82006,Bagheria,38.078918,13.512365,,,7,213,220,-2,3,2588,107,2915,6161,2915,,,,
2021-05-18,39,82067,Santa Flavia,38.08246,13.52758,,,3,42,45,-3,0,689,17,751,1665,751,,,,
2021-05-18,39,82035,Ficarazzi,38.089272,13.46891,,,6,33,39,1,1,697,9,745,1635,745,,,,
2021-05-18,39,82023,Casteldaccia,38.05373,13.52967,,,4,65,69,0,0,447,21,537,1159,537,,,,
2021-05-18,39,82004,Altavilla Milicia,38.0421,13.54901,,,1,40,41,-2,0,394,12,447,972,447,,,,
2021-05-19,39,82006,Bagheria,38.078918,13.512365,,,7,194,201,-19,8,2615,107,2923,6184,2923,,,,
2021-05-19,39,82067,Santa Flavia,38.08246,13.52758,,,3,41,44,-1,0,690,17,751,1665,751,,,,
2021-05-19,39,82035,Ficarazzi,38.089272,13.46891,,,6,32,38,-1,0,698,9,745,1637,745,,,,
2021-05-19,39,82023,Casteldaccia,38.05373,13.52967,,,4,64,68,-1,2,450,21,539,1169,539,,,,
2021-05-19,39,82004,Altavilla Milicia,38.0421,13.54901,,,1,39,40,-1,0,395,12,447,972,447,,,,
2021-05-20,39,82006,Bagheria,38.078918,13.512365,,,7,180,187,-14,11,2640,107,2934,6201,2934,,,,
2021-05-20,39,82067,Santa Flavia,38.08246,13.52758,,,3,40,43,-1,0,691,17,751,1671,751,,,,
2021-05-20,39,82035,Ficarazzi,38.089272,13.46891,,,6,32,38,0,1,699,9,746,1640,746,,,,
2021-05-20,39,82023,Casteldaccia,38.05373,13.52967,,,4,65,69,1,5,454,21,544,1175,544,,,,
2021-05-20,39,82004,Altavilla Milicia,38.0421,13.54901,,,1,40,41,1,2,396,12,449,976,449,,,,
2021-05-21,39,82006,Bagheria,38.078918,13.512365,,,7,183,190,3,9,2646,107,2943,6222,2943,,,,
2021-05-21,39,82067,Santa Flavia,38.08246,13.52758,,,3,37,40,-3,0,694,17,751,1673,751,,,,
2021-05-21,39,82035,Ficarazzi,38.089272,13.46891,,,6,27,33,-5,0,704,9,746,1642,746,,,,
2021-05-21,39,82023,Casteldaccia,38.05373,13.52967,,,4,66,70,1,2,455,21,546,1178,546,,,,
2021-05-21,39,82004,Altavilla Milicia,38.0421,13.54901,,,1,38,39,-2,0,398,12,449,976,449,,,,
2021-05-22,39,82006,Bagheria,38.078918,13.512365,,,7,179,186,-4,0,2650,107,2943,6230,2943,,,,
2021-05-22,39,82067,Santa Flavia,38.08246,13.52758,,,3,37,40,0,0,694,17,751,1673,751,,,,
2021-05-22,39,82035,Ficarazzi,38.089272,13.46891,,,6,27,33,0,0,704,9,746,1644,746,,,,
2021-05-22,39,82023,Casteldaccia,38.05373,13.52967,,,4,79,83,13,14,456,21,560,1195,560,,,,
2021-05-22,39,82004,Altavilla Milicia,38.0421,13.54901,,,1,39,40,1,1,398,12,450,979,450,,,,
2021-05-23,39,82006,Bagheria,38.078918,13.512365,,,7,182,189,3,5,2652,107,2948,6238,2948,,,,
2021-05-23,39,82067,Santa Flavia,38.08246,13.52758,,,3,37,40,0,0,694,17,751,1673,751,,,,
2021-05-23,39,82035,Ficarazzi,38.089272,13.46891,,,6,27,33,0,0,704,9,746,1645,746,,,,
2021-05-23,39,82023,Casteldaccia,38.05373,13.52967,,,4,80,84,1,1,456,21,561,1196,561,,,,
2021-05-23,39,82004,Altavilla Milicia,38.0421,13.54901,,,1,40,41,1,1,398,12,451,980,451,,,,
2021-05-24,39,82006,Bagheria,38.078918,13.512365,,,5,141,146,-43,4,2698,108,2952,6261,2952,,,,
2021-05-24,39,82067,Santa Flavia,38.08246,13.52758,,,3,32,35,-5,0,699,17,751,1673,751,,,,
2021-05-24,39,82035,Ficarazzi,38.089272,13.46891,,,6,21,27,-6,0,710,9,746,1650,746,,,,
2021-05-24,39,82023,Casteldaccia,38.05373,13.52967,,,4,79,83,-1,0,457,21,561,1196,561,,,,
2021-05-24,39,82004,Altavilla Milicia,38.0421,13.54901,,,2,37,39,-2,1,401,12,452,982,452,,,,
2021-05-25,39,82006,Bagheria,38.078918,13.512365,,,2,83,85,-61,6,2760,113,2958,6282,2958,,,,
2021-05-25,39,82067,Santa Flavia,38.08246,13.52758,,,3,19,22,-13,0,711,18,751,1678,751,,,,
2021-05-25,39,82035,Ficarazzi,38.089272,13.46891,,,5,11,16,-11,0,718,9,743,1647,743,,,,Rettificato numero totale_casi (-3) per via di inserimenti duplicati
2021-05-25,39,82023,Casteldaccia,38.05373,13.52967,,,4,53,57,-26,0,483,21,561,1198,561,,,,
2021-05-25,39,82004,Altavilla Milicia,38.0421,13.54901,,,2,13,15,-24,1,426,12,453,987,453,,,,
2021-05-26,39,82006,Bagheria,38.078918,13.512365,,,1,87,88,3,5,2762,113,2963,6299,2963,,,,
2021-05-26,39,82067,Santa Flavia,38.08246,13.52758,,,3,18,21,-1,0,712,18,751,1678,751,,,,
2021-05-26,39,82035,Ficarazzi,38.089272,13.46891,,,5,11,16,0,0,718,9,743,1647,743,,,,
2021-05-26,39,82023,Casteldaccia,38.05373,13.52967,,,4,52,56,-1,0,484,21,561,1202,561,,,,
2021-05-26,39,82004,Altavilla Milicia,38.0421,13.54901,,,2,15,17,2,2,426,12,455,995,455,,,,
2021-05-27,39,82006,Bagheria,38.078918,13.512365,,,1,85,86,-2,9,2773,113,2972,6324,2972,,,,
2021-05-27,39,82067,Santa Flavia,38.08246,13.52758,,,3,13,16,-5,0,717,18,751,1687,751,,,,
2021-05-27,39,82035,Ficarazzi,38.089272,13.46891,,,5,11,16,0,0,718,9,743,1648,743,,,,
2021-05-27,39,82023,Casteldaccia,38.05373,13.52967,,,4,46,50,-6,0,490,21,561,1222,561,,,,
2021-05-27,39,82004,Altavilla Milicia,38.0421,13.54901,,,1,8,9,-8,0,433,13,455,997,455,,,,
2021-05-28,39,82006,Bagheria,38.078918,13.512365,,,0,86,86,0,12,2783,115,2984,6353,2984,,,,
2021-05-28,39,82067,Santa Flavia,38.08246,13.52758,,,3,12,15,-1,0,718,18,751,1688,751,,,,
2021-05-28,39,82035,Ficarazzi,38.089272,13.46891,,,5,11,16,0,0,718,9,743,1649,743,,,,
2021-05-28,39,82023,Casteldaccia,38.05373,13.52967,,,4,46,50,0,0,490,21,561,1222,561,,,,
2021-05-28,39,82004,Altavilla Milicia,38.0421,13.54901,,,1,8,9,0,0,433,13,455,997,455,,,,
2021-05-29,39,82006,Bagheria,38.078918,13.512365,,,0,87,87,1,2,2784,115,2986,6363,2986,,,,
2021-05-29,39,82067,Santa Flavia,38.08246,13.52758,,,3,13,16,1,1,718,18,752,1689,752,,,,
2021-05-29,39,82035,Ficarazzi,38.089272,13.46891,,,5,11,16,0,0,718,9,743,1650,743,,,,
2021-05-29,39,82023,Casteldaccia,38.05373,13.52967,,,4,47,51,1,1,490,21,562,1228,562,,,,
2021-05-29,39,82004,Altavilla Milicia,38.0421,13.54901,,,1,10,11,2,2,433,13,457,1000,457,,,,
2021-05-30,39,82006,Bagheria,38.078918,13.512365,,,0,89,89,2,2,2784,115,2988,6371,2988,,,,
2021-05-30,39,82067,Santa Flavia,38.08246,13.52758,,,3,13,16,0,0,718,18,752,1689,752,,,,
2021-05-30,39,82035,Ficarazzi,38.089272,13.46891,,,5,14,19,3,3,718,9,746,1653,746,,,,
2021-05-30,39,82023,Casteldaccia,38.05373,13.52967,,,4,43,47,-4,0,494,21,562,1231,562,,,,
2021-05-30,39,82004,Altavilla Milicia,38.0421,13.54901,,,1,10,11,0,0,433,13,457,1002,457,,,,
2021-05-31,39,82006,Bagheria,38.078918,13.512365,,,0,85,85,-4,1,2789,115,2989,6378,2989,,,,
2021-05-31,39,82067,Santa Flavia,38.08246,13.52758,,,3,13,16,0,0,718,18,752,1689,752,,,,
2021-05-31,39,82035,Ficarazzi,38.089272,13.46891,,,5,17,22,3,3,718,9,749,1657,749,,,,
2021-05-31,39,82023,Casteldaccia,38.05373,13.52967,,,4,43,47,0,0,494,21,562,1232,562,,,,
2021-05-31,39,82004,Altavilla Milicia,38.0421,13.54901,,,1,11,12,1,1,433,13,458,1003,458,,,,
2021-06-01,39,82006,Bagheria,38.078918,13.512365,,,0,83,83,-2,0,2791,115,2989,6378,2989,,,,
2021-06-01,39,82067,Santa Flavia,38.08246,13.52758,,,3,13,16,0,0,718,18,752,1689,752,,,,
2021-06-01,39,82035,Ficarazzi,38.089272,13.46891,,,5,17,22,0,0,718,9,749,1657,749,,,,
2021-06-01,39,82023,Casteldaccia,38.05373,13.52967,,,4,43,47,0,0,494,21,562,1232,562,,,,
2021-06-01,39,82004,Altavilla Milicia,38.0421,13.54901,,,1,11,12,0,0,433,13,458,1003,458,,,,
2021-06-02,39,82006,Bagheria,38.078918,13.512365,,,0,83,83,0,2,2793,115,2991,6390,2991,,,,
2021-06-02,39,82067,Santa Flavia,38.08246,13.52758,,,3,13,16,0,0,718,18,752,1690,752,,,,
2021-06-02,39,82035,Ficarazzi,38.089272,13.46891,,,5,17,22,0,0,718,9,749,1657,749,,,,
2021-06-02,39,82023,Casteldaccia,38.05373,13.52967,,,4,44,48,1,1,494,21,563,1244,563,,,,
2021-06-02,39,82004,Altavilla Milicia,38.0421,13.54901,,,1,11,12,0,0,433,13,458,1004,458,,,,
2021-06-03,39,82006,Bagheria,38.078918,13.512365,,,0,81,81,-2,0,2795,115,2991,6396,2991,,,,
2021-06-03,39,82067,Santa Flavia,38.08246,13.52758,,,2,13,15,-1,0,718,19,752,1690,752,,,,
2021-06-03,39,82035,Ficarazzi,38.089272,13.46891,,,5,17,22,0,0,718,9,749,1657,749,,,,
2021-06-03,39,82023,Casteldaccia,38.05373,13.52967,,,4,52,56,8,8,494,21,571,1252,571,,,,
2021-06-03,39,82004,Altavilla Milicia,38.0421,13.54901,,,1,10,11,-1,0,434,13,458,1005,458,,,,
2021-06-04,39,82006,Bagheria,38.078918,13.512365,,,0,74,74,-7,0,2802,115,2991,6408,2991,,,,
2021-06-04,39,82067,Santa Flavia,38.08246,13.52758,,,2,12,14,-1,0,719,19,752,1691,752,,,,
2021-06-04,39,82035,Ficarazzi,38.089272,13.46891,,,5,13,18,-4,0,722,9,749,1657,749,,,,
2021-06-04,39,82023,Casteldaccia,38.05373,13.52967,,,4,44,48,-8,0,502,21,571,1252,571,,,,
2021-06-04,39,82004,Altavilla Milicia,38.0421,13.54901,,,1,10,11,0,0,434,13,458,1005,458,,,,
2021-06-05,39,82006,Bagheria,38.078918,13.512365,,,0,74,74,0,1,2803,115,2992,6417,2992,,,,
2021-06-05,39,82067,Santa Flavia,38.08246,13.52758,,,2,12,14,0,0,719,19,752,1691,752,,,,
2021-06-05,39,82035,Ficarazzi,38.089272,13.46891,,,5,13,18,0,0,722,9,749,1657,749,,,,
2021-06-05,39,82023,Casteldaccia,38.05373,13.52967,,,4,44,48,0,1,503,21,572,1254,572,,,,
2021-06-05,39,82004,Altavilla Milicia,38.0421,13.54901,,,1,10,11,0,0,434,13,458,1007,458,,,,
2021-06-06,39,82006,Bagheria,38.078918,13.512365,,,0,74,74,0,0,2803,115,2992,6428,2992,,,,
2021-06-06,39,82067,Santa Flavia,38.08246,13.52758,,,2,12,14,0,0,719,19,752,1691,752,,,,
2021-06-06,39,82035,Ficarazzi,38.089272,13.46891,,,5,13,18,0,0,722,9,749,1657,749,,,,
2021-06-06,39,82023,Casteldaccia,38.05373,13.52967,,,4,44,48,0,0,503,21,572,1258,572,,,,
2021-06-06,39,82004,Altavilla Milicia,38.0421,13.54901,,,1,10,11,0,0,434,13,458,1008,458,,,,
2021-06-07,39,82006,Bagheria,38.078918,13.512365,,,4,44,48,-26,2,2831,115,2994,6444,2994,,,,
2021-06-07,39,82067,Santa Flavia,38.08246,13.52758,,,3,11,14,0,2,721,19,754,1693,754,,,,
2021-06-07,39,82035,Ficarazzi,38.089272,13.46891,,,5,11,16,-2,0,724,9,749,1658,749,,,,
2021-06-07,39,82023,Casteldaccia,38.05373,13.52967,,,4,39,43,-5,2,509,22,574,1261,574,,,,
2021-06-07,39,82004,Altavilla Milicia,38.0421,13.54901,,,1,8,9,-2,0,436,13,458,1009,458,,,,
2021-06-08,39,82006,Bagheria,38.078918,13.512365,,,4,43,47,-1,3,2835,115,2997,6450,2997,,,,
2021-06-08,39,82067,Santa Flavia,38.08246,13.52758,,,3,10,13,-1,0,722,19,754,1695,754,,,,
2021-06-08,39,82035,Ficarazzi,38.089272,13.46891,,,5,11,16,0,0,724,9,749,1660,749,,,,
2021-06-08,39,82023,Casteldaccia,38.05373,13.52967,,,4,37,41,-2,1,512,22,575,1262,575,,,,
2021-06-08,39,82004,Altavilla Milicia,38.0421,13.54901,,,1,8,9,0,0,436,13,458,1009,458,,,,
2021-06-09,39,82006,Bagheria,38.078918,13.512365,,,4,40,44,-3,2,2840,115,2999,6457,2999,,,,
2021-06-09,39,82067,Santa Flavia,38.08246,13.52758,,,3,9,12,-1,0,723,19,754,1696,754,,,,
2021-06-09,39,82035,Ficarazzi,38.089272,13.46891,,,5,9,14,-2,0,726,9,749,1663,749,,,,
2021-06-09,39,82023,Casteldaccia,38.05373,13.52967,,,4,38,42,1,3,514,22,578,1265,578,,,,
2021-06-09,39,82004,Altavilla Milicia,38.0421,13.54901,,,1,8,9,0,0,436,13,458,1009,458,,,,
2021-06-10,39,82006,Bagheria,38.078918,13.512365,,,4,35,39,-5,0,2844,115,2998,6460,2998,Rettificato numero totale_casi (-1) per via di un doppio inserimento,,,
2021-06-10,39,82067,Santa Flavia,38.08246,13.52758,,,3,7,10,-2,0,725,19,754,1696,754,,,,
2021-06-10,39,82035,Ficarazzi,38.089272,13.46891,,,4,0,4,-10,0,735,10,749,1666,749,,,,
2021-06-10,39,82023,Casteldaccia,38.05373,13.52967,,,4,35,39,-3,0,517,22,578,1267,578,,,,
2021-06-10,39,82004,Altavilla Milicia,38.0421,13.54901,,,0,5,5,-4,0,440,13,458,1011,458,,,,
2021-06-11,39,82006,Bagheria,38.078918,13.512365,,,4,33,37,-2,0,2846,115,2998,6463,2998,,,,
2021-06-11,39,82067,Santa Flavia,38.08246,13.52758,,,3,8,11,1,1,725,19,755,1698,755,,,,
2021-06-11,39,82035,Ficarazzi,38.089272,13.46891,,,3,0,3,-1,0,736,10,749,1667,749,,,,
2021-06-11,39,82023,Casteldaccia,38.05373,13.52967,,,3,30,33,-6,1,523,23,579,1278,579,,,,
2021-06-11,39,82004,Altavilla Milicia,38.0421,13.54901,,,0,5,5,0,0,440,13,458,1011,458,,,,
2021-06-12,39,82006,Bagheria,38.078918,13.512365,,,4,38,42,5,5,2846,115,3003,6475,3003,,,,
2021-06-12,39,82067,Santa Flavia,38.08246,13.52758,,,3,8,11,0,0,725,19,755,1698,755,,,,
2021-06-12,39,82035,Ficarazzi,38.089272,13.46891,,,3,0,3,0,0,736,10,749,1667,749,,,,
2021-06-12,39,82023,Casteldaccia,38.05373,13.52967,,,3,30,33,0,0,523,23,579,1278,579,,,,
2021-06-12,39,82004,Altavilla Milicia,38.0421,13.54901,,,0,5,5,0,0,440,13,458,1013,458,,,,
2021-06-13,39,82006,Bagheria,38.078918,13.512365,,,4,41,45,3,3,2846,115,3006,6485,3006,,,,
2021-06-13,39,82067,Santa Flavia,38.08246,13.52758,,,3,8,11,0,0,725,19,755,1698,755,,,,
2021-06-13,39,82035,Ficarazzi,38.089272,13.46891,,,3,0,3,0,0,736,10,749,1667,749,,,,
2021-06-13,39,82023,Casteldaccia,38.05373,13.52967,,,3,34,37,4,4,523,23,583,1290,583,,,,
2021-06-13,39,82004,Altavilla Milicia,38.0421,13.54901,,,0,4,4,-1,0,441,13,458,1013,458,,,,
2021-06-14,39,82006,Bagheria,38.078918,13.512365,,,4,44,48,3,5,2848,115,3011,6495,3011,,,,
2021-06-14,39,82067,Santa Flavia,38.08246,13.52758,,,2,9,11,0,0,725,19,755,1698,755,,,,
2021-06-14,39,82035,Ficarazzi,38.089272,13.46891,,,3,0,3,0,0,736,10,749,1667,749,,,,
2021-06-14,39,82023,Casteldaccia,38.05373,13.52967,,,3,19,22,-15,0,537,24,583,1290,583,,,,
2021-06-14,39,82004,Altavilla Milicia,38.0421,13.54901,,,0,4,4,0,0,441,13,458,1014,458,,,,
2021-06-15,39,82006,Bagheria,38.078918,13.512365,,,4,34,38,-10,3,2861,115,3014,6498,3014,,,,
2021-06-15,39,82067,Santa Flavia,38.08246,13.52758,,,2,9,11,0,0,725,19,755,1698,755,,,,
2021-06-15,39,82035,Ficarazzi,38.089272,13.46891,,,3,0,3,0,0,736,10,749,1667,749,,,,
2021-06-15,39,82023,Casteldaccia,38.05373,13.52967,,,3,21,24,2,4,539,24,587,1295,587,,,,
2021-06-15,39,82004,Altavilla Milicia,38.0421,13.54901,,,0,5,5,1,2,442,13,460,1016,460,,,,
2021-06-17,39,82006,Bagheria,38.078918,13.512365,,,6,33,39,1,6,2866,115,3020,6513,3020,,,,
2021-06-17,39,82067,Santa Flavia,38.08246,13.52758,,,2,10,12,1,2,726,19,757,1701,757,,,,
2021-06-17,39,82035,Ficarazzi,38.089272,13.46891,,,0,0,0,-3,0,739,10,749,1670,749,,,,
2021-06-17,39,82023,Casteldaccia,38.05373,13.52967,,,0,23,23,-1,0,540,24,587,1296,587,,,,
2021-06-17,39,82004,Altavilla Milicia,38.0421,13.54901,,,0,5,5,0,0,442,13,460,1016,460,,,,
2021-06-18,39,82006,Bagheria,38.078918,13.512365,,,6,29,35,-4,0,2870,115,3020,6515,3020,,,,
2021-06-18,39,82067,Santa Flavia,38.08246,13.52758,,,2,9,11,-1,0,727,19,757,1702,757,,,,
2021-06-18,39,82035,Ficarazzi,38.089272,13.46891,,,0,0,0,0,0,739,10,749,1670,749,,,,
2021-06-18,39,82023,Casteldaccia,38.05373,13.52967,,,0,22,22,-1,0,541,24,587,1297,587,,,,
2021-06-18,39,82004,Altavilla Milicia,38.0421,13.54901,,,0,4,4,-1,0,443,13,460,1018,460,,,,
2021-06-19,39,82006,Bagheria,38.078918,13.512365,,,6,29,35,0,0,2870,115,3020,6516,3020,,,,
2021-06-19,39,82067,Santa Flavia,38.08246,13.52758,,,2,8,10,-1,0,728,19,757,1702,757,,,,
2021-06-19,39,82035,Ficarazzi,38.089272,13.46891,,,0,0,0,0,0,739,10,749,1670,749,,,,
2021-06-19,39,82023,Casteldaccia,38.05373,13.52967,,,0,22,22,0,0,541,24,587,1302,587,,,,
2021-06-19,39,82004,Altavilla Milicia,38.0421,13.54901,,,0,4,4,0,0,443,13,460,1018,460,,,,
2021-06-20,39,82006,Bagheria,38.078918,13.512365,,,6,29,35,0,0,2870,115,3020,6522,3020,,,,
2021-06-20,39,82067,Santa Flavia,38.08246,13.52758,,,2,8,10,0,0,728,19,757,1702,757,,,,
2021-06-20,39,82035,Ficarazzi,38.089272,13.46891,,,0,0,0,0,0,739,10,749,1670,749,,,,
2021-06-20,39,82023,Casteldaccia,38.05373,13.52967,,,0,21,21,-1,0,542,24,587,1309,587,,,,
2021-06-20,39,82004,Altavilla Milicia,38.0421,13.54901,,,0,4,4,0,0,443,13,460,1018,460,,,,
2021-06-21,39,82006,Bagheria,38.078918,13.512365,,,4,28,32,-3,1,2873,116,3021,6527,3021,,,,
2021-06-21,39,82067,Santa Flavia,38.08246,13.52758,,,2,8,10,0,0,728,19,757,1703,757,,,,
2021-06-21,39,82035,Ficarazzi,38.089272,13.46891,,,0,0,0,0,0,739,10,749,1670,749,,,,
2021-06-21,39,82023,Casteldaccia,38.05373,13.52967,,,0,17,17,-4,0,546,24,587,1310,587,,,,
2021-06-21,39,82004,Altavilla Milicia,38.0421,13.54901,,,0,4,4,0,0,443,13,460,1018,460,,,,
2021-06-22,39,82006,Bagheria,38.078918,13.512365,,,3,21,24,-8,0,2880,117,3021,6534,3021,,,,
2021-06-22,39,82067,Santa Flavia,38.08246,13.52758,,,0,2,2,-8,0,735,20,757,1708,757,,,,
2021-06-22,39,82035,Ficarazzi,38.089272,13.46891,,,0,0,0,0,0,739,10,749,1670,749,,,,
2021-06-22,39,82023,Casteldaccia,38.05373,13.52967,,,0,13,13,-4,0,550,24,587,1311,587,,,,
2021-06-22,39,82004,Altavilla Milicia,38.0421,13.54901,,,0,3,3,-1,0,444,13,460,1018,460,,,,
2021-06-23,39,82006,Bagheria,38.078918,13.512365,,,3,20,23,-1,0,2881,117,3021,6539,3021,,,,
2021-06-23,39,82067,Santa Flavia,38.08246,13.52758,,,0,2,2,0,0,735,20,757,1708,757,,,,
2021-06-23,39,82035,Ficarazzi,38.089272,13.46891,,,0,0,0,0,0,739,10,749,1670,749,,,,
2021-06-23,39,82023,Casteldaccia,38.05373,13.52967,,,0,17,17,4,5,551,24,592,1317,592,,,,
2021-06-23,39,82004,Altavilla Milicia,38.0421,13.54901,,,0,3,3,0,0,444,13,460,1018,460,,,,
2021-06-24,39,82006,Bagheria,38.078918,13.512365,,,3,22,25,2,2,2881,117,3023,6547,3023,,,,
2021-06-24,39,82067,Santa Flavia,38.08246,13.52758,,,0,2,2,0,0,735,20,757,1708,757,,,,
2021-06-24,39,82035,Ficarazzi,38.089272,13.46891,,,0,0,0,0,0,739,10,749,1670,749,,,,
2021-06-24,39,82023,Casteldaccia,38.05373,13.52967,,,0,17,17,0,0,551,24,592,1317,592,,,,
2021-06-24,39,82004,Altavilla Milicia,38.0421,13.54901,,,0,3,3,0,0,444,13,460,1019,460,,,,
2021-06-25,39,82006,Bagheria,38.078918,13.512365,,,3,22,25,0,0,2881,117,3023,6547,3023,,,,
2021-06-25,39,82067,Santa Flavia,38.08246,13.52758,,,0,2,2,0,0,735,20,757,1708,757,,,,
2021-06-25,39,82035,Ficarazzi,38.089272,13.46891,,,0,0,0,0,0,739,10,749,1670,749,,,,
2021-06-25,39,82023,Casteldaccia,38.05373,13.52967,,,0,17,17,0,0,551,24,592,1317,592,,,,
2021-06-25,39,82004,Altavilla Milicia,38.0421,13.54901,,,0,3,3,0,0,444,13,460,1019,460,,,,
2021-06-26,39,82006,Bagheria,38.078918,13.512365,,,3,22,25,0,0,2881,117,3023,6547,3023,,,,
2021-06-26,39,82067,Santa Flavia,38.08246,13.52758,,,0,2,2,0,0,735,20,757,1708,757,,,,
2021-06-26,39,82035,Ficarazzi,38.089272,13.46891,,,0,0,0,0,0,739,10,749,1670,749,,,,
2021-06-26,39,82023,Casteldaccia,38.05373,13.52967,,,0,17,17,0,0,551,24,592,1317,592,,,,
2021-06-26,39,82004,Altavilla Milicia,38.0421,13.54901,,,0,3,3,0,0,444,13,460,1019,460,,,,
