data,sigla_provincia,codice_comune,denominazione_comune,lat,long,ricoverati_con_sintomi,terapia_intensiva,totale_ospedalizzati,isolamento_domiciliare,totale_positivi,variazione_totale_positivi,nuovi_positivi,dimessi_guariti,deceduti,totale_casi,tamponi,casi_testati,note,ingressi_terapia_intensiva,note_test,note_casi
2020-11-16,PA,082023,Casteldaccia,38.05373,13.52967,,,,,46,,,18,0,64,89,64,,,,
2020-11-17,PA,082023,Casteldaccia,38.05373,13.52967,,,,,45,-1,0,19,0,64,94,64,,,,
2020-11-18,PA,082023,Casteldaccia,38.05373,13.52967,,,,,46,1,1,19,0,65,98,65,,,,
2020-11-19,PA,082023,Casteldaccia,38.05373,13.52967,,,,,47,1,2,20,0,67,107,67,,,,
2020-11-20,PA,082023,Casteldaccia,38.05373,13.52967,,,,,42,-5,3,28,0,70,111,70,,,,
2020-11-21,PA,082023,Casteldaccia,38.05373,13.52967,,,,,43,1,1,28,0,71,117,71,,,,
2020-11-23,PA,082023,Casteldaccia,38.05373,13.52967,,,,,49,6,7,29,0,78,151,78,,,,
2020-11-24,PA,082023,Casteldaccia,38.05373,13.52967,,,,,42,-7,0,36,0,78,152,78,,,,
2020-11-25,PA,082023,Casteldaccia,38.05373,13.52967,,,,,49,7,8,37,0,86,159,86,,,,
2020-11-26,PA,082023,Casteldaccia,38.05373,13.52967,,,,,53,4,5,38,0,91,174,91,,,,
2020-11-27,PA,082023,Casteldaccia,38.05373,13.52967,,,,,62,9,11,40,0,102,177,102,,,,
2020-11-29,PA,082023,Casteldaccia,38.05373,13.52967,,,,,64,2,3,41,0,105,189,105,,,,
2020-11-30,PA,082023,Casteldaccia,38.05373,13.52967,,,,,79,15,19,45,0,124,193,124,,,,
2020-12-01,PA,082023,Casteldaccia,38.05373,13.52967,,,,,75,-4,0,49,0,124,197,124,,,,
2020-12-02,PA,082023,Casteldaccia,38.05373,13.52967,,,,,78,3,4,50,0,128,203,128,,,,
2020-12-03,PA,082023,Casteldaccia,38.05373,13.52967,,,,,82,4,6,52,0,134,210,134,,,,
2020-12-04,PA,082023,Casteldaccia,38.05373,13.52967,,,,,87,5,7,54,0,141,211,141,,,,
2020-12-05,PA,082023,Casteldaccia,38.05373,13.52967,,,,,87,0,0,54,0,141,228,141,,,,
2020-12-06,PA,082023,Casteldaccia,38.05373,13.52967,,,,,91,4,5,55,0,146,230,146,,,,
2020-12-08,PA,082023,Casteldaccia,38.05373,13.52967,,,,,94,3,4,56,0,150,234,150,,,,
2020-12-09,PA,082023,Casteldaccia,38.05373,13.52967,,,,,87,-7,3,66,0,153,240,153,,,,
2020-12-10,PA,082023,Casteldaccia,38.05373,13.52967,,,,,87,0,0,66,0,153,249,153,,,,
2020-12-11,PA,082023,Casteldaccia,38.05373,13.52967,,,,,84,-3,1,70,0,154,262,154,,,,
2020-12-12,PA,082023,Casteldaccia,38.05373,13.52967,,,,,85,1,1,74,0,155,270,155,,,,
2020-12-14,PA,082023,Casteldaccia,38.05373,13.52967,,,,,71,-14,1,84,1,156,278,156,,,,
2020-12-15,PA,082023,Casteldaccia,38.05373,13.52967,,,,,69,-2,0,86,1,156,280,156,,,,
2020-12-16,PA,082023,Casteldaccia,38.05373,13.52967,,,,,56,-13,1,100,1,157,284,157,,,,
2020-12-17,PA,082023,Casteldaccia,38.05373,13.52967,,,,,59,3,3,100,1,160,293,160,,,,
2020-12-20,PA,082023,Casteldaccia,38.05373,13.52967,,,,,62,3,3,100,1,163,313,163,,,,
2020-12-21,PA,082023,Casteldaccia,38.05373,13.52967,,,,,61,-1,4,105,1,167,314,167,,,,
2020-12-22,PA,082023,Casteldaccia,38.05373,13.52967,,,,,53,-8,0,113,1,167,314,167,,,,
2020-12-25,PA,082023,Casteldaccia,38.05373,13.52967,,,,,51,-2,8,123,1,175,321,175,,,,
2020-12-28,PA,082023,Casteldaccia,38.05373,13.52967,,,,,51,0,0,123,1,175,333,175,,,,
2020-12-30,PA,082023,Casteldaccia,38.05373,13.52967,,,,,52,1,5,127,1,180,346,180,,,,
2020-12-31,PA,082023,Casteldaccia,38.05373,13.52967,,,,,52,0,6,128,6,186,351,186,,,,
2021-01-01,PA,082023,Casteldaccia,38.05373,13.52967,,,,,53,1,1,128,6,187,353,187,,,,
2021-01-03,PA,082023,Casteldaccia,38.05373,13.52967,,,,,53,0,5,133,6,192,366,192,,,,
2021-01-06,PA,082023,Casteldaccia,38.05373,13.52967,,,,,56,3,3,133,6,195,377,195,,,,
2021-01-08,PA,082023,Casteldaccia,38.05373,13.52967,,,,,57,1,5,137,6,200,388,200,,,,
2021-01-10,PA,082023,Casteldaccia,38.05373,13.52967,,,,,56,-1,3,141,6,203,395,203,,,,
2021-01-11,PA,082023,Casteldaccia,38.05373,13.52967,,,,,60,4,8,145,6,211,398,211,,,,
2021-01-12,PA,082023,Casteldaccia,38.05373,13.52967,,,,,59,-1,3,148,7,214,401,214,,,,
2021-01-13,PA,082023,Casteldaccia,38.05373,13.52967,,,,,54,-5,0,153,7,214,444,214,,,,
2021-01-14,PA,082023,Casteldaccia,38.05373,13.52967,,,,,48,-6,1,160,7,215,447,215,,,,
2021-01-15,PA,082023,Casteldaccia,38.05373,13.52967,,,,,46,-2,2,163,8,217,453,217,,,,
2021-01-16,PA,082023,Casteldaccia,38.05373,13.52967,,,,,46,0,1,164,8,218,458,218,,,,
2021-01-18,PA,082023,Casteldaccia,38.05373,13.52967,,,,,83,37,40,167,8,258,464,258,,,,
2021-01-19,PA,082023,Casteldaccia,38.05373,13.52967,,,,,81,-2,4,173,8,262,469,262,,,,
2021-01-20,PA,082023,Casteldaccia,38.05373,13.52967,,,,,84,3,4,174,8,266,481,266,,,,
2021-01-21,PA,082023,Casteldaccia,38.05373,13.52967,,,,,87,3,3,174,8,269,485,269,,,,
2021-01-22,PA,082023,Casteldaccia,38.05373,13.52967,,,,,89,2,2,174,8,271,492,271,,,,
2021-01-23,PA,082023,Casteldaccia,38.05373,13.52967,,,,,95,6,6,174,8,277,494,277,,,,
2021-01-25,PA,082023,Casteldaccia,38.05373,13.52967,,,,,92,-3,1,177,9,278,523,278,,,,
2021-01-26,PA,082023,Casteldaccia,38.05373,13.52967,,,,,95,3,4,178,9,282,524,282,,,,
2021-01-27,PA,082023,Casteldaccia,38.05373,13.52967,,,,,91,-4,2,184,9,284,540,284,,,,
2021-01-28,PA,082023,Casteldaccia,38.05373,13.52967,,,,,101,10,5,188,9,289,549,289,,,,
2021-01-29,PA,082023,Casteldaccia,38.05373,13.52967,,,,,101,0,9,188,9,298,558,298,,,,
2021-01-30,PA,082023,Casteldaccia,38.05373,13.52967,,,,,109,8,9,189,9,307,566,307,,,,
2021-02-01,PA,082023,Casteldaccia,38.05373,13.52967,,,,,109,0,0,189,9,307,566,307,,,,
2021-02-02,PA,082023,Casteldaccia,38.05373,13.52967,,,,,102,-7,7,201,11,314,576,314,,,,
2021-02-03,PA,082023,Casteldaccia,38.05373,13.52967,,,,,97,-5,0,205,12,314,578,314,,,,
2021-02-05,PA,082023,Casteldaccia,38.05373,13.52967,,,,,103,6,7,206,12,321,614,321,,,,
2021-02-06,PA,082023,Casteldaccia,38.05373,13.52967,,,,,103,0,4,209,13,325,617,325,,,,
2021-02-08,PA,082023,Casteldaccia,38.05373,13.52967,,,,,103,0,2,212,14,327,618,327,,,,
2021-02-09,PA,082023,Casteldaccia,38.05373,13.52967,,,,,94,-9,0,220,14,327,624,327,,,,Rettificato numero totale_positivi (-1) per via del doppio inserimento di un paziente causa errore di battitura.
2021-02-10,PA,082023,Casteldaccia,38.05373,13.52967,,,,,87,-7,0,227,14,327,636,327,,,,Rettificato numero totale_positivi (-1) per via del doppio inserimento di un paziente causa errore di battitura.
2021-02-11,PA,082023,Casteldaccia,38.05373,13.52967,,,,,69,-18,0,244,14,327,645,327,,,,
2021-02-12,PA,082023,Casteldaccia,38.05373,13.52967,,,,,56,-13,4,261,14,331,646,331,,,,
2021-02-13,PA,082023,Casteldaccia,38.05373,13.52967,,,,,56,0,0,261,14,331,646,331,,,,
2021-02-15,PA,082023,Casteldaccia,38.05373,13.52967,,,,,56,0,0,261,14,331,665,331,,,,
2021-02-16,PA,082023,Casteldaccia,38.05373,13.52967,,,,,52,-4,3,268,14,334,669,334,,,,
2021-02-17,PA,082023,Casteldaccia,38.05373,13.52967,,,,,47,-5,3,276,14,337,671,337,,,,
2021-02-18,PA,082023,Casteldaccia,38.05373,13.52967,,,,,46,-1,1,278,14,338,675,338,,,,
2021-02-19,PA,082023,Casteldaccia,38.05373,13.52967,,,,,42,-4,0,282,14,338,677,338,,,,
2021-02-20,PA,082023,Casteldaccia,38.05373,13.52967,,,,,41,-1,0,283,14,338,677,338,,,,
2021-02-22,PA,082023,Casteldaccia,38.05373,13.52967,,,,,38,-3,0,286,14,338,695,338,,,,
2021-02-23,PA,082023,Casteldaccia,38.05373,13.52967,,,,,38,0,0,286,14,338,702,338,,,,
2021-02-24,PA,082023,Casteldaccia,38.05373,13.52967,,,,,33,-5,0,291,14,338,703,338,,,,
2021-02-27,PA,082023,Casteldaccia,38.05373,13.52967,,,,,40,7,7,291,14,345,704,345,,,,
2021-03-01,PA,082023,Casteldaccia,38.05373,13.52967,,,,,40,0,0,291,14,345,705,345,,,,
2021-03-03,PA,082023,Casteldaccia,38.05373,13.52967,,,,,29,-11,0,302,14,345,706,345,,,,
2021-03-06,PA,082023,Casteldaccia,38.05373,13.52967,,,,,31,2,2,302,14,347,714,347,,,,
2021-03-09,PA,082023,Casteldaccia,38.05373,13.52967,,,,,31,0,1,303,14,348,723,348,,,,
2021-03-10,PA,082023,Casteldaccia,38.05373,13.52967,,,,,38,7,7,303,14,355,728,355,,,,
2021-03-11,PA,082023,Casteldaccia,38.05373,13.52967,,,,,44,6,6,303,14,361,731,361,,,,
2021-03-13,PA,082023,Casteldaccia,38.05373,13.52967,,,,,43,-1,1,304,15,362,735,362,,,,
2021-03-15,PA,082023,Casteldaccia,38.05373,13.52967,,,,,44,1,1,304,15,363,738,363,,,,
2021-03-16,PA,082023,Casteldaccia,38.05373,13.52967,,,,,45,1,2,305,15,365,741,365,,,,
2021-03-17,PA,082023,Casteldaccia,38.05373,13.52967,,,,,30,-15,1,321,15,366,744,366,,,,
2021-03-20,PA,082023,Casteldaccia,38.05373,13.52967,,,,,35,5,7,323,15,373,752,373,,,,
2021-03-22,PA,082023,Casteldaccia,38.05373,13.52967,,,,,35,0,0,323,15,373,753,373,,,,
2021-03-24,PA,082023,Casteldaccia,38.05373,13.52967,,,,,32,-3,2,328,15,375,771,375,,,,
2021-03-28,PA,082023,Casteldaccia,38.05373,13.52967,,,4,38,42,10,12,330,15,387,788,387,,,,
2021-03-29,PA,082023,Casteldaccia,38.05373,13.52967,,,4,37,41,-1,9,340,15,396,799,396,Corretto conteggio tamponi giornalieri con date_tamponi dal db al giorno precedente,,,
2021-03-30,PA,082023,Casteldaccia,38.05373,13.52967,,,4,36,40,-1,0,341,15,396,800,396,,,,
2021-03-31,PA,082023,Casteldaccia,38.05373,13.52967,,,4,34,38,-2,0,343,15,396,802,396,,,,
2021-04-01,PA,082023,Casteldaccia,38.05373,13.52967,,,4,34,38,0,4,347,15,400,811,400,,,,
2021-04-02,PA,082023,Casteldaccia,38.05373,13.52967,,,4,34,38,0,1,348,15,401,813,401,,,,
2021-04-03,PA,082023,Casteldaccia,38.05373,13.52967,,,4,35,39,1,1,348,15,402,818,402,,,,
2021-04-04,PA,082023,Casteldaccia,38.05373,13.52967,,,4,31,35,-4,0,352,15,402,818,402,,,,
2021-04-05,PA,082023,Casteldaccia,38.05373,13.52967,,,4,31,35,0,0,352,15,402,818,402,,,,
2021-04-06,PA,082023,Casteldaccia,38.05373,13.52967,,,4,31,35,0,4,356,15,406,834,406,,,,
2021-04-07,PA,082023,Casteldaccia,38.05373,13.52967,,,4,27,31,-4,0,360,15,406,837,406,,,,
2021-04-08,PA,082023,Casteldaccia,38.05373,13.52967,,,4,24,28,-3,0,363,15,406,837,406,,,,
2021-04-09,PA,082023,Casteldaccia,38.05373,13.52967,,,4,28,32,4,5,364,15,411,845,411,,,,
2021-04-10,PA,082023,Casteldaccia,38.05373,13.52967,,,4,27,31,-1,0,365,15,411,845,411,,,,
2021-04-11,PA,082023,Casteldaccia,38.05373,13.52967,,,4,27,31,0,0,365,15,411,847,411,,,,
2021-04-12,PA,082023,Casteldaccia,38.05373,13.52967,,,4,29,33,2,4,367,15,415,855,415,,,,
2021-04-13,PA,082023,Casteldaccia,38.05373,13.52967,,,4,31,35,2,3,367,16,418,859,418,,,,
2021-04-14,PA,082023,Casteldaccia,38.05373,13.52967,,,4,31,35,0,0,367,16,418,859,418,,,,
2021-04-15,PA,082023,Casteldaccia,38.05373,13.52967,,,4,37,41,6,9,370,16,427,874,427,,,,
2021-04-16,PA,082023,Casteldaccia,38.05373,13.52967,,,4,34,38,-3,0,373,16,427,874,427,,,,
2021-04-17,PA,082023,Casteldaccia,38.05373,13.52967,,,4,34,38,0,0,373,16,427,875,427,,,,
2021-04-18,PA,082023,Casteldaccia,38.05373,13.52967,,,4,32,36,-2,0,375,16,427,877,427,,,,
2021-04-19,PA,082023,Casteldaccia,38.05373,13.52967,,,4,56,60,24,25,376,16,452,906,452,,,,
2021-04-20,PA,082023,Casteldaccia,38.05373,13.52967,,,4,55,59,-1,0,377,16,452,912,452,,,,
2021-04-21,PA,082023,Casteldaccia,38.05373,13.52967,,,4,55,59,0,0,377,16,452,912,452,,,,
2021-04-22,PA,082023,Casteldaccia,38.05373,13.52967,,,5,55,60,1,4,380,16,456,920,456,,,,
2021-04-23,PA,082023,Casteldaccia,38.05373,13.52967,,,5,70,75,15,16,381,16,472,936,472,,,,
2021-04-24,PA,082023,Casteldaccia,38.05373,13.52967,,,5,70,75,0,0,381,16,472,936,472,,,,
2021-04-25,PA,082023,Casteldaccia,38.05373,13.52967,,,5,71,76,1,2,382,16,474,944,474,,,,
2021-04-26,PA,082023,Casteldaccia,38.05373,13.52967,,,6,74,80,4,5,382,17,479,955,479,,,,
2021-04-27,PA,082023,Casteldaccia,38.05373,13.52967,,,4,80,84,4,5,382,18,484,962,484,,,,
2021-04-28,PA,082023,Casteldaccia,38.05373,13.52967,,,4,80,84,0,0,382,18,484,967,484,,,,
2021-04-29,PA,082023,Casteldaccia,38.05373,13.52967,,,4,79,83,-1,0,383,18,484,977,484,,,,
2021-04-30,PA,082023,Casteldaccia,38.05373,13.52967,,,5,101,106,23,23,383,18,507,1003,507,,,,
2021-05-01,PA,082023,Casteldaccia,38.05373,13.52967,,,5,100,105,-1,0,384,18,507,1009,507,,,,
2021-05-02,PA,082023,Casteldaccia,38.05373,13.52967,,,5,106,111,6,6,384,18,513,1015,513,,,,
2021-05-03,PA,082023,Casteldaccia,38.05373,13.52967,,,5,107,112,1,4,386,19,517,1031,517,,,,
2021-05-04,PA,082023,Casteldaccia,38.05373,13.52967,,,5,109,114,2,3,387,19,520,1041,520,,,,
2021-05-05,PA,082023,Casteldaccia,38.05373,13.52967,,,5,107,112,-2,2,391,19,522,1045,522,,,,
2021-05-06,PA,082023,Casteldaccia,38.05373,13.52967,,,5,105,110,-2,1,394,19,523,1056,523,,,,
2021-05-07,PA,082023,Casteldaccia,38.05373,13.52967,,,5,105,110,0,0,394,19,523,1056,523,,,,
2021-05-08,PA,082023,Casteldaccia,38.05373,13.52967,,,5,96,101,-9,1,404,19,524,1071,524,,,,
2021-05-09,PA,082023,Casteldaccia,38.05373,13.52967,,,5,99,104,3,7,408,19,531,1098,531,,,,
2021-05-10,PA,082023,Casteldaccia,38.05373,13.52967,,,5,95,100,-4,1,412,20,532,1108,532,,,,
2021-05-11,PA,082023,Casteldaccia,38.05373,13.52967,,,5,85,90,-10,0,422,20,532,1118,532,,,,
2021-05-12,PA,082023,Casteldaccia,38.05373,13.52967,,,5,81,86,-4,2,428,20,534,1127,534,,,,
2021-05-13,PA,082023,Casteldaccia,38.05373,13.52967,,,5,80,85,-1,0,429,20,534,1127,534,,,,
2021-05-14,PA,082023,Casteldaccia,38.05373,13.52967,,,5,72,77,-8,1,438,20,535,1135,535,,,,
2021-05-15,PA,082023,Casteldaccia,38.05373,13.52967,,,5,69,74,-3,0,441,20,535,1135,535,,,,
2021-05-16,PA,082023,Casteldaccia,38.05373,13.52967,,,5,68,73,-1,1,443,20,536,1138,536,,,,
2021-05-17,PA,082023,Casteldaccia,38.05373,13.52967,,,4,65,69,-4,1,447,21,537,1139,537,,,,
2021-05-18,PA,082023,Casteldaccia,38.05373,13.52967,,,4,65,69,0,0,447,21,537,1159,537,,,,
2021-05-19,PA,082023,Casteldaccia,38.05373,13.52967,,,4,64,68,-1,2,450,21,539,1169,539,,,,
2021-05-20,PA,082023,Casteldaccia,38.05373,13.52967,,,4,65,69,1,5,454,21,544,1175,544,,,,
2021-05-21,PA,082023,Casteldaccia,38.05373,13.52967,,,4,66,70,1,2,455,21,546,1178,546,,,,
2021-05-22,PA,082023,Casteldaccia,38.05373,13.52967,,,4,79,83,13,14,456,21,560,1195,560,,,,
2021-05-23,PA,082023,Casteldaccia,38.05373,13.52967,,,4,80,84,1,1,456,21,561,1196,561,,,,
2021-05-24,PA,082023,Casteldaccia,38.05373,13.52967,,,4,79,83,-1,0,457,21,561,1196,561,,,,
2021-05-25,PA,082023,Casteldaccia,38.05373,13.52967,,,4,53,57,-26,0,483,21,561,1198,561,,,,
2021-05-26,PA,082023,Casteldaccia,38.05373,13.52967,,,4,52,56,-1,0,484,21,561,1202,561,,,,
2021-05-27,PA,082023,Casteldaccia,38.05373,13.52967,,,4,46,50,-6,0,490,21,561,1222,561,,,,
2021-05-28,PA,082023,Casteldaccia,38.05373,13.52967,,,4,46,50,0,0,490,21,561,1222,561,,,,
2021-05-29,PA,082023,Casteldaccia,38.05373,13.52967,,,4,47,51,1,1,490,21,562,1228,562,,,,
2021-05-30,PA,082023,Casteldaccia,38.05373,13.52967,,,4,43,47,-4,0,494,21,562,1231,562,,,,
2021-05-31,PA,082023,Casteldaccia,38.05373,13.52967,,,4,43,47,0,0,494,21,562,1232,562,,,,
2021-06-01,PA,082023,Casteldaccia,38.05373,13.52967,,,4,43,47,0,0,494,21,562,1232,562,,,,
2021-06-02,PA,082023,Casteldaccia,38.05373,13.52967,,,4,44,48,1,1,494,21,563,1244,563,,,,
2021-06-03,PA,082023,Casteldaccia,38.05373,13.52967,,,4,52,56,8,8,494,21,571,1252,571,,,,
2021-06-04,PA,082023,Casteldaccia,38.05373,13.52967,,,4,44,48,-8,0,502,21,571,1252,571,,,,
2021-06-05,PA,082023,Casteldaccia,38.05373,13.52967,,,4,44,48,0,1,503,21,572,1254,572,,,,
2021-06-06,PA,082023,Casteldaccia,38.05373,13.52967,,,4,44,48,0,0,503,21,572,1258,572,,,,
2021-06-07,PA,082023,Casteldaccia,38.05373,13.52967,,,4,39,43,-5,2,509,22,574,1261,574,,,,
2021-06-08,PA,082023,Casteldaccia,38.05373,13.52967,,,4,37,41,-2,1,512,22,575,1262,575,,,,
2021-06-09,PA,082023,Casteldaccia,38.05373,13.52967,,,4,38,42,1,3,514,22,578,1265,578,,,,
2021-06-10,PA,082023,Casteldaccia,38.05373,13.52967,,,4,35,39,-3,0,517,22,578,1267,578,,,,
2021-06-11,PA,082023,Casteldaccia,38.05373,13.52967,,,3,30,33,-6,1,523,23,579,1278,579,,,,
2021-06-12,PA,082023,Casteldaccia,38.05373,13.52967,,,3,30,33,0,0,523,23,579,1278,579,,,,
2021-06-13,PA,082023,Casteldaccia,38.05373,13.52967,,,3,34,37,4,4,523,23,583,1290,583,,,,
2021-06-14,PA,082023,Casteldaccia,38.05373,13.52967,,,3,19,22,-15,0,537,24,583,1290,583,,,,
2021-06-15,PA,082023,Casteldaccia,38.05373,13.52967,,,3,21,24,2,4,539,24,587,1295,587,,,,
2021-06-17,PA,082023,Casteldaccia,38.05373,13.52967,,,0,23,23,-1,0,540,24,587,1296,587,,,,
2021-06-18,PA,082023,Casteldaccia,38.05373,13.52967,,,0,22,22,-1,0,541,24,587,1297,587,,,,
2021-06-19,PA,082023,Casteldaccia,38.05373,13.52967,,,0,22,22,0,0,541,24,587,1302,587,,,,
2021-06-20,PA,082023,Casteldaccia,38.05373,13.52967,,,0,21,21,-1,0,542,24,587,1309,587,,,,
2021-06-21,PA,082023,Casteldaccia,38.05373,13.52967,,,0,17,17,-4,0,546,24,587,1310,587,,,,
2021-06-22,PA,082023,Casteldaccia,38.05373,13.52967,,,0,13,13,-4,0,550,24,587,1311,587,,,,
2021-06-23,PA,082023,Casteldaccia,38.05373,13.52967,,,0,17,17,4,5,551,24,592,1317,592,,,,
2021-06-24,PA,082023,Casteldaccia,38.05373,13.52967,,,0,17,17,0,0,551,24,592,1317,592,,,,
2021-06-25,PA,082023,Casteldaccia,38.05373,13.52967,,,0,17,17,0,0,551,24,592,1317,592,,,,
2021-06-26,PA,082023,Casteldaccia,38.05373,13.52967,,,0,17,17,0,0,551,24,592,1317,592,,,,
2021-06-27,PA,082023,Casteldaccia,38.05373,13.52967,,,0,17,17,0,0,551,24,592,1317,592,,,,
2021-06-28,PA,082023,Casteldaccia,38.05373,13.52967,,,0,17,17,0,0,551,24,592,1328,592,,,,
2021-06-29,PA,082023,Casteldaccia,38.05373,13.52967,,,0,13,13,-4,0,555,24,592,1328,592,,,,
2021-06-30,PA,082023,Casteldaccia,38.05373,13.52967,,,0,13,13,0,0,555,24,592,1328,592,,,,
2021-07-01,PA,082023,Casteldaccia,38.05373,13.52967,,,0,11,11,-2,0,557,24,592,1328,592,,,,
2021-07-04,PA,082023,Casteldaccia,38.05373,13.52967,,,0,10,10,-1,0,558,24,592,1328,592,,,,
2021-07-05,PA,082023,Casteldaccia,38.05373,13.52967,,,0,11,11,1,2,559,24,594,1337,594,,,,
2021-07-07,PA,082023,Casteldaccia,38.05373,13.52967,,,0,7,7,-4,0,562,24,593,1337,593,Rettificato totale_casi (-1) per via di un doppio inserimento,,,
2021-07-08,PA,082023,Casteldaccia,38.05373,13.52967,,,0,7,7,0,0,562,24,593,1337,593,,,,
2021-07-09,PA,082023,Casteldaccia,38.05373,13.52967,,,0,7,7,0,0,562,24,593,1337,593,,,,
2021-07-10,PA,082023,Casteldaccia,38.05373,13.52967,,,0,7,7,0,0,562,24,593,1340,593,,,,
2021-07-11,PA,082023,Casteldaccia,38.05373,13.52967,,,0,7,7,0,0,562,24,593,1340,593,,,,
2021-07-14,PA,082023,Casteldaccia,38.05373,13.52967,,,1,2,3,-4,2,568,24,595,1343,595,,,,
2021-07-15,PA,082023,Casteldaccia,38.05373,13.52967,,,1,2,3,0,0,568,24,595,1343,595,,,,
2021-07-16,PA,082023,Casteldaccia,38.05373,13.52967,,,1,4,5,2,2,568,24,597,1346,597,,,,
2021-07-17,PA,082023,Casteldaccia,38.05373,13.52967,,,1,4,5,0,0,568,24,597,1348,597,,,,
2021-07-18,PA,082023,Casteldaccia,38.05373,13.52967,,,1,4,5,0,0,568,24,597,1348,597,,,,
2021-07-19,PA,082023,Casteldaccia,38.05373,13.52967,,,1,6,7,2,2,568,24,599,1351,599,,,,
2021-07-20,PA,082023,Casteldaccia,38.05373,13.52967,,,1,6,7,0,0,568,24,599,1351,599,,,,
2021-07-21,PA,082023,Casteldaccia,38.05373,13.52967,,,1,5,6,-1,0,569,24,599,1352,599,,,,
2021-07-22,PA,082023,Casteldaccia,38.05373,13.52967,,,1,5,6,0,0,569,24,599,1352,599,,,,
2021-07-24,PA,082023,Casteldaccia,38.05373,13.52967,,,1,5,6,0,0,569,24,599,1352,599,,,,
2021-07-26,PA,082023,Casteldaccia,38.05373,13.52967,,,1,5,6,0,0,569,24,599,1357,599,,,,
2021-07-27,PA,082023,Casteldaccia,38.05373,13.52967,,,1,5,6,0,1,570,24,600,1359,600,,,,
2021-07-28,PA,082023,Casteldaccia,38.05373,13.52967,,,0,4,4,-2,0,571,25,600,1360,600,,,,
2021-07-29,PA,082023,Casteldaccia,38.05373,13.52967,,,0,7,7,3,3,571,25,603,1363,603,,,,
2021-07-30,PA,082023,Casteldaccia,38.05373,13.52967,,,0,7,7,0,0,571,25,603,1363,603,,,,
2021-07-31,PA,082023,Casteldaccia,38.05373,13.52967,,,0,16,16,9,9,571,25,612,1372,612,,,,
2021-08-01,PA,082023,Casteldaccia,38.05373,13.52967,,,0,16,16,0,0,571,25,612,1372,612,,,,
2021-08-02,PA,082023,Casteldaccia,38.05373,13.52967,,,0,24,24,8,7,570,25,619,1380,619,,,,
2021-08-03,PA,082023,Casteldaccia,38.05373,13.52967,,,0,27,27,3,3,570,25,622,1386,622,,,,
2021-08-05,PA,082023,Casteldaccia,38.05373,13.52967,,,0,28,28,1,1,570,25,623,1387,623,,,,
2021-08-06,PA,082023,Casteldaccia,38.05373,13.52967,,,0,28,28,0,0,570,25,623,1387,623,,,,
2021-08-08,PA,082023,Casteldaccia,38.05373,13.52967,,,0,33,33,5,5,570,25,628,1396,628,,,,
2021-08-09,PA,082023,Casteldaccia,38.05373,13.52967,,,1,31,32,-1,1,572,25,629,1401,629,,,,
2021-08-10,PA,082023,Casteldaccia,38.05373,13.52967,,,1,30,31,-1,0,573,25,629,1406,629,,,,
2021-08-11,PA,082023,Casteldaccia,38.05373,13.52967,,,1,29,30,-1,0,574,25,629,1406,629,,,,
2021-08-12,PA,082023,Casteldaccia,38.05373,13.52967,,,1,39,40,10,11,575,25,640,1429,640,,,,
2021-08-13,PA,082023,Casteldaccia,38.05373,13.52967,,,1,38,39,-1,2,578,25,642,1432,642,,,,
2021-08-16,PA,082023,Casteldaccia,38.05373,13.52967,,,1,49,50,11,12,579,25,654,1449,654,,,,
2021-08-17,PA,082023,Casteldaccia,38.05373,13.52967,,,1,46,47,-3,0,582,25,654,1449,654,,,,
2021-08-19,PA,082023,Casteldaccia,38.05373,13.52967,,,1,39,40,-7,0,589,25,654,1456,654,,,,
2021-08-20,PA,082023,Casteldaccia,38.05373,13.52967,,,1,36,37,-3,0,592,25,654,1460,654,,,,
2021-08-22,PA,082023,Casteldaccia,38.05373,13.52967,,,1,36,37,0,0,592,25,654,1460,654,,,,
2021-08-25,PA,082023,Casteldaccia,38.05373,13.52967,,,1,57,58,21,27,598,25,681,1504,681,,,,
2021-08-31,PA,082023,Casteldaccia,38.05373,13.52967,,,1,67,68,10,18,606,25,699,1529,699,,,,
2021-09-03,PA,082023,Casteldaccia,38.05373,13.52967,,,1,82,83,15,34,625,25,733,1605,733,,,,
2021-09-04,PA,082023,Casteldaccia,38.05373,13.52967,,,1,81,82,-1,1,627,25,734,1614,734,,,,
2021-09-06,PA,082023,Casteldaccia,38.05373,13.52967,,,1,89,90,8,11,630,25,745,1643,745,,,,
2021-09-07,PA,082023,Casteldaccia,38.05373,13.52967,,,1,87,88,-2,4,636,25,749,1656,749,,,,
2021-09-08,PA,082023,Casteldaccia,38.05373,13.52967,,,1,84,85,-3,0,639,25,749,1657,749,,,,
2021-09-09,PA,082023,Casteldaccia,38.05373,13.52967,,,1,78,79,-6,0,645,25,749,1669,749,,,,
2021-09-10,PA,082023,Casteldaccia,38.05373,13.52967,,,1,78,79,0,0,645,25,749,1669,749,,,,
2021-09-12,PA,082023,Casteldaccia,38.05373,13.52967,,,0,57,57,-22,3,670,25,752,1701,752,,,,
2021-09-13,PA,082023,Casteldaccia,38.05373,13.52967,,,0,51,51,-6,2,678,25,754,1718,754,,,,
2021-09-14,PA,082023,Casteldaccia,38.05373,13.52967,,,0,47,47,-4,1,683,25,755,1724,755,,,,
2021-09-15,PA,082023,Casteldaccia,38.05373,13.52967,,,0,45,45,-2,0,685,25,755,1733,755,,,,
2021-09-16,PA,082023,Casteldaccia,38.05373,13.52967,,,0,41,41,-4,0,689,25,755,1736,755,,,,
2021-09-17,PA,082023,Casteldaccia,38.05373,13.52967,,,0,39,39,-2,0,691,25,755,1742,755,,,,
2021-09-18,PA,082023,Casteldaccia,38.05373,13.52967,,,0,39,39,0,0,691,25,755,1743,755,,,,
2021-09-19,PA,082023,Casteldaccia,38.05373,13.52967,,,0,38,38,-1,0,692,25,755,1743,755,,,,
2021-09-20,PA,082023,Casteldaccia,38.05373,13.52967,,,0,32,32,-6,-1,697,25,754,1750,754,,,,
2021-09-21,PA,082023,Casteldaccia,38.05373,13.52967,,,0,24,24,-8,1,706,25,755,1753,755,,,,
2021-09-22,PA,082023,Casteldaccia,38.05373,13.52967,,,0,22,22,-2,0,708,25,755,1760,755,,,,
2021-09-23,PA,082023,Casteldaccia,38.05373,13.52967,,,0,20,20,-2,0,710,25,755,1760,755,,,,
2021-09-24,PA,082023,Casteldaccia,38.05373,13.52967,,,0,17,17,-3,0,712,26,755,1760,755,,,,
2021-09-25,PA,082023,Casteldaccia,38.05373,13.52967,,,0,17,17,0,0,712,26,755,1760,755,,,,
2021-09-26,PA,082023,Casteldaccia,38.05373,13.52967,,,0,17,17,0,0,712,26,755,1760,755,,,,
2021-09-28,PA,082023,Casteldaccia,38.05373,13.52967,,,0,17,17,0,0,712,26,755,1761,755,,,,
2021-09-29,PA,082023,Casteldaccia,38.05373,13.52967,,,0,4,4,-13,-1,724,26,754,1761,754,,,,
2021-09-30,PA,082023,Casteldaccia,38.05373,13.52967,,,0,4,4,0,0,724,26,754,1762,754,,,,
2021-10-01,PA,082023,Casteldaccia,38.05373,13.52967,,,0,4,4,0,0,724,26,754,1762,754,,,,
2021-10-02,PA,082023,Casteldaccia,38.05373,13.52967,,,0,4,4,0,0,724,26,754,1762,754,,,,
2021-10-03,PA,082023,Casteldaccia,38.05373,13.52967,,,0,4,4,0,0,724,26,754,1762,754,,,,
2021-10-04,PA,082023,Casteldaccia,38.05373,13.52967,,,0,4,4,0,0,724,26,754,1762,754,,,,
2021-10-06,PA,082023,Casteldaccia,38.05373,13.52967,,,0,16,16,12,14,726,26,768,1776,768,,,,
2021-10-07,PA,082023,Casteldaccia,38.05373,13.52967,,,0,16,16,0,0,726,26,768,1776,768,,,,
2021-10-08,PA,082023,Casteldaccia,38.05373,13.52967,,,0,16,16,0,0,726,26,768,1776,768,,,,
2021-10-09,PA,082023,Casteldaccia,38.05373,13.52967,,,0,16,16,0,0,726,26,768,1776,768,,,,
2021-10-10,PA,082023,Casteldaccia,38.05373,13.52967,,,0,16,16,0,0,726,26,768,1776,768,,,,
2021-10-11,PA,082023,Casteldaccia,38.05373,13.52967,,,0,18,18,2,2,726,26,770,1789,770,,,,
2021-10-12,PA,082023,Casteldaccia,38.05373,13.52967,,,0,18,18,0,0,726,26,770,1789,770,,,,
2021-10-13,PA,082023,Casteldaccia,38.05373,13.52967,,,0,18,18,0,0,726,26,770,1789,770,,,,
2021-10-15,PA,082023,Casteldaccia,38.05373,13.52967,,,0,18,18,0,0,726,26,770,1802,770,,,,
2021-10-18,PA,082023,Casteldaccia,38.05373,13.52967,,,0,18,18,0,3,729,26,773,1805,773,,,,
2021-10-19,PA,082023,Casteldaccia,38.05373,13.52967,,,0,18,18,0,0,729,26,773,1805,773,,,,
2021-10-20,PA,082023,Casteldaccia,38.05373,13.52967,,,0,18,18,0,0,729,26,773,1805,773,,,,
2021-10-21,PA,082023,Casteldaccia,38.05373,13.52967,,,0,19,19,1,1,729,26,774,1806,774,,,,
2021-10-23,PA,082023,Casteldaccia,38.05373,13.52967,,,0,21,21,2,2,729,26,776,1811,776,,,,
2021-10-24,PA,082023,Casteldaccia,38.05373,13.52967,,,0,22,22,1,1,729,26,777,1812,777,,,,
2021-10-27,PA,082023,Casteldaccia,38.05373,13.52967,,,0,8,8,-14,1,744,26,778,1818,778,,,,
2021-10-30,PA,082023,Casteldaccia,38.05373,13.52967,,,0,8,8,0,0,744,26,778,1818,778,,,,
2021-11-02,PA,082023,Casteldaccia,38.05373,13.52967,,,0,6,6,-2,0,746,26,778,1821,778,,,,
2021-11-05,PA,082023,Casteldaccia,38.05373,13.52967,,,0,7,7,1,2,747,26,780,1828,780,,,,
2021-11-08,PA,082023,Casteldaccia,38.05373,13.52967,,,0,3,3,-4,0,751,26,780,1829,780,,,,
2021-11-11,PA,082023,Casteldaccia,38.05373,13.52967,,,1,15,16,13,13,751,26,793,1841,793,,,,
2021-11-17,PA,082023,Casteldaccia,38.05373,13.52967,,,1,19,20,4,5,752,26,798,1849,798,,,,
2021-11-19,PA,082023,Casteldaccia,38.05373,13.52967,,,1,20,21,1,4,755,26,802,1869,802,,,,
2021-11-24,PA,082023,Casteldaccia,38.05373,13.52967,,,1,16,17,-4,1,760,26,803,1877,803,,,,
2021-11-25,PA,082023,Casteldaccia,38.05373,13.52967,,,1,12,13,-4,0,764,26,803,1882,803,,,,
2021-11-26,PA,082023,Casteldaccia,38.05373,13.52967,,,1,12,13,0,0,764,26,803,1882,803,,,,
2021-11-27,PA,082023,Casteldaccia,38.05373,13.52967,,,1,21,22,9,10,765,26,813,1894,813,,,,
2021-11-28,PA,082023,Casteldaccia,38.05373,13.52967,,,1,21,22,0,1,766,26,814,1904,814,,,,
2021-11-29,PA,082023,Casteldaccia,38.05373,13.52967,,,1,21,22,0,0,766,26,814,1904,814,,,,
2021-11-30,PA,082023,Casteldaccia,38.05373,13.52967,,,1,20,21,-1,0,767,26,814,1904,814,,,,
2021-12-01,PA,082023,Casteldaccia,38.05373,13.52967,,,1,17,18,-3,0,770,26,814,1904,814,,,,
2021-12-02,PA,082023,Casteldaccia,38.05373,13.52967,,,1,15,16,-2,0,772,26,814,1905,814,,,,
2021-12-03,PA,082023,Casteldaccia,38.05373,13.52967,,,1,15,16,0,0,772,26,814,1908,814,,,,
2021-12-04,PA,082023,Casteldaccia,38.05373,13.52967,,,1,13,14,-2,0,774,26,814,1908,814,,,,
2021-12-05,PA,082023,Casteldaccia,38.05373,13.52967,,,1,12,13,-1,0,775,26,814,1910,814,,,,
2021-12-06,PA,082023,Casteldaccia,38.05373,13.52967,,,1,12,13,0,1,776,26,815,1918,815,,,,
2021-12-07,PA,082023,Casteldaccia,38.05373,13.52967,,,1,12,13,0,0,776,26,815,1922,815,,,,
2021-12-08,PA,082023,Casteldaccia,38.05373,13.52967,,,1,13,14,1,1,776,26,816,1923,816,,,,
2021-12-09,PA,082023,Casteldaccia,38.05373,13.52967,,,1,13,14,0,0,776,26,816,1923,816,,,,
2021-12-10,PA,082023,Casteldaccia,38.05373,13.52967,,,1,15,16,2,2,776,26,818,1925,818,,,,
2021-12-11,PA,082023,Casteldaccia,38.05373,13.52967,,,1,15,16,0,0,776,26,818,1925,818,,,,
2021-12-12,PA,082023,Casteldaccia,38.05373,13.52967,,,1,19,20,4,4,776,26,822,1929,822,,,,
2021-12-13,PA,082023,Casteldaccia,38.05373,13.52967,,,1,21,22,2,2,776,26,824,1937,824,,,,
2021-12-14,PA,082023,Casteldaccia,38.05373,13.52967,,,1,21,22,0,0,776,26,824,1938,824,,,,
2021-12-15,PA,082023,Casteldaccia,38.05373,13.52967,,,1,21,22,0,0,776,26,824,1938,824,,,,
2021-12-16,PA,082023,Casteldaccia,38.05373,13.52967,,,1,22,23,1,1,776,26,825,1939,825,,,,
2021-12-17,PA,082023,Casteldaccia,38.05373,13.52967,,,1,24,25,2,2,776,26,827,1941,827,,,,
2021-12-18,PA,082023,Casteldaccia,38.05373,13.52967,,,1,26,27,2,2,776,26,829,1944,829,,,,
2021-12-19,PA,082023,Casteldaccia,38.05373,13.52967,,,1,26,27,0,6,782,26,835,1953,835,,,,
2021-12-20,PA,082023,Casteldaccia,38.05373,13.52967,,,1,26,27,0,0,782,26,835,1953,835,,,,
2021-12-21,PA,082023,Casteldaccia,38.05373,13.52967,,,1,27,28,1,3,784,26,838,1957,838,,,,
2021-12-22,PA,082023,Casteldaccia,38.05373,13.52967,,,1,28,29,1,1,784,26,839,1963,839,,,,
2021-12-23,PA,082023,Casteldaccia,38.05373,13.52967,,,1,29,30,1,0,783,26,839,1965,839,,,,
2021-12-24,PA,082023,Casteldaccia,38.05373,13.52967,,,1,35,36,6,6,783,26,845,1973,845,,,,
2021-12-25,PA,082023,Casteldaccia,38.05373,13.52967,,,1,38,39,3,4,784,26,849,1980,849,,,,
2021-12-26,PA,082023,Casteldaccia,38.05373,13.52967,,,1,38,39,0,0,784,26,849,1980,849,,,,
2021-12-27,PA,082023,Casteldaccia,38.05373,13.52967,,,1,45,46,7,8,785,26,857,1989,857,,,,
2021-12-28,PA,082023,Casteldaccia,38.05373,13.52967,,,1,50,51,5,5,785,26,862,1997,862,,,,
2021-12-29,PA,082023,Casteldaccia,38.05373,13.52967,,,0,60,60,9,15,791,26,877,2012,877,,,,
2021-12-30,PA,082023,Casteldaccia,38.05373,13.52967,,,0,61,61,1,1,791,26,878,2013,878,,,,
2021-12-31,PA,082023,Casteldaccia,38.05373,13.52967,,,0,61,61,0,0,791,26,878,2016,878,,,,
2022-01-01,PA,082023,Casteldaccia,38.05373,13.52967,,,0,85,85,24,26,793,26,904,2053,904,,,,
2022-01-02,PA,082023,Casteldaccia,38.05373,13.52967,,,0,93,93,8,10,795,26,914,2065,914,,,,
2022-01-03,PA,082023,Casteldaccia,38.05373,13.52967,,,0,95,95,2,4,797,26,918,2071,918,,,,
2022-01-04,PA,082023,Casteldaccia,38.05373,13.52967,,,0,97,97,2,2,797,26,920,2076,920,,,,
2022-01-05,PA,082023,Casteldaccia,38.05373,13.52967,,,0,98,98,1,10,806,26,930,2104,930,,,,
2022-01-06,PA,082023,Casteldaccia,38.05373,13.52967,,,0,95,95,-3,6,815,26,936,2129,936,,,,
2022-01-07,PA,082023,Casteldaccia,38.05373,13.52967,,,0,107,107,12,12,815,26,948,2141,948,,,,
2022-01-08,PA,082023,Casteldaccia,38.05373,13.52967,,,0,94,94,-13,8,836,26,956,2179,956,,,,
2022-01-09,PA,082023,Casteldaccia,38.05373,13.52967,,,0,97,97,3,5,838,26,961,2191,961,,,,
2022-01-10,PA,082023,Casteldaccia,38.05373,13.52967,,,0,82,82,-15,0,853,26,961,2202,961,,,,
2022-01-11,PA,082023,Casteldaccia,38.05373,13.52967,,,0,96,96,14,15,854,26,976,2220,976,,,,
2022-01-12,PA,082023,Casteldaccia,38.05373,13.52967,,,0,91,91,-5,0,859,26,976,2224,976,,,,
2022-01-14,PA,082023,Casteldaccia,38.05373,13.52967,,,0,98,98,7,19,871,26,995,2259,995,,,,
2022-01-15,PA,082023,Casteldaccia,38.05373,13.52967,,,0,106,106,8,14,877,26,1009,2279,1009,,,,
2022-01-16,PA,082023,Casteldaccia,38.05373,13.52967,,,0,113,113,7,15,885,26,1024,2302,1024,,,,
2022-01-17,PA,082023,Casteldaccia,38.05373,13.52967,,,0,114,114,1,1,885,26,1025,2303,1025,,,,
